Country Name,Country Code,Year,Unemployment Rate
Africa Eastern and Southern,AFE,2015,7.036356825
Afghanistan,AFG,2015,9.052
Africa Western and Central,AFW,2015,4.164467078
Angola,AGO,2015,16.49
Albania,ALB,2015,17.193
Arab World,ARB,2015,11.14891357
United Arab Emirates,ARE,2015,1.793
Argentina,ARG,2015,7.579
Armenia,ARM,2015,18.261
Australia,AUS,2015,6.055
Austria,AUT,2015,5.802
Azerbaijan,AZE,2015,4.96
Burundi,BDI,2015,1.442
Belgium,BEL,2015,8.482
Benin,BEN,2015,1.82
Burkina Faso,BFA,2015,4.461
Bangladesh,BGD,2015,4.396
Bulgaria,BGR,2015,9.143
Bahrain,BHR,2015,1.16
"Bahamas, The",BHS,2015,12.0
Bosnia and Herzegovina,BIH,2015,27.695
Belarus,BLR,2015,5.881
Belize,BLZ,2015,7.578
Bolivia,BOL,2015,3.111
Brazil,BRA,2015,8.538
Barbados,BRB,2015,9.803
Brunei Darussalam,BRN,2015,7.726
Bhutan,BTN,2015,2.45
Botswana,BWA,2015,18.93
Central African Republic,CAF,2015,5.477
Canada,CAN,2015,6.945
Central Europe and the Baltics,CEB,2015,7.814029587
Switzerland,CHE,2015,4.801
Channel Islands,CHI,2015,8.178
Chile,CHL,2015,6.313
China,CHN,2015,4.65
Cote d'Ivoire,CIV,2015,2.579
Cameroon,CMR,2015,3.518
"Congo, Dem. Rep.",COD,2015,4.439
"Congo, Rep.",COG,2015,19.978
Colombia,COL,2015,8.572
Comoros,COM,2015,4.121
Cabo Verde,CPV,2015,11.907
Costa Rica,CRI,2015,8.415
Caribbean small states,CSS,2015,8.197331467
Cuba,CUB,2015,2.4
Cyprus,CYP,2015,15.026
Czechia,CZE,2015,5.048
Germany,DEU,2015,4.612
Djibouti,DJI,2015,26.07
Denmark,DNK,2015,6.278
Dominican Republic,DOM,2015,7.605
Algeria,DZA,2015,11.206
East Asia & Pacific (excluding high income),EAP,2015,4.116369924
Early-demographic dividend,EAR,2015,6.821258332
East Asia & Pacific,EAS,2015,4.082512928
Europe & Central Asia (excluding high income),ECA,2015,9.014593048
Europe & Central Asia,ECS,2015,8.570259081
Ecuador,ECU,2015,3.616
"Egypt, Arab Rep.",EGY,2015,13.052
Euro area,EMU,2015,10.88315194
Eritrea,ERI,2015,5.541
Spain,ESP,2015,22.057
Estonia,EST,2015,6.412
Ethiopia,ETH,2015,2.443
European Union,EUU,2015,10.01839871
Fragile and conflict affected situations,FCS,2015,5.470641381
Finland,FIN,2015,9.376
Fiji,FJI,2015,4.291
France,FRA,2015,10.354
Gabon,GAB,2015,19.978
United Kingdom,GBR,2015,5.517
Georgia,GEO,2015,16.506
Ghana,GHA,2015,6.806
Guinea,GIN,2015,5.224
"Gambia, The",GMB,2015,7.26
Guinea-Bissau,GNB,2015,3.157
Equatorial Guinea,GNQ,2015,7.95
Greece,GRC,2015,24.981
Guatemala,GTM,2015,2.506
Guam,GUM,2015,6.9
Guyana,GUY,2015,13.004
High income,HIC,2015,6.546483807
"Hong Kong SAR, China",HKG,2015,3.314
Honduras,HND,2015,6.147
Heavily indebted poor countries (HIPC),HPC,2015,4.428670974
Croatia,HRV,2015,16.175
Haiti,HTI,2015,13.724
Hungary,HUN,2015,6.813
IBRD only,IBD,2015,6.314932288
IDA & IBRD total,IBT,2015,5.90583826
IDA total,IDA,2015,4.446008815
IDA blend,IDB,2015,4.002560861
Indonesia,IDN,2015,4.514
IDA only,IDX,2015,4.695851504
India,IND,2015,7.631
Ireland,IRL,2015,9.908
"Iran, Islamic Rep.",IRN,2015,11.166
Iraq,IRQ,2015,10.842
Iceland,ISL,2015,3.979
Israel,ISR,2015,5.176
Italy,ITA,2015,11.896
Jamaica,JAM,2015,8.825
Jordan,JOR,2015,13.075
Japan,JPN,2015,3.385
Kazakhstan,KAZ,2015,4.93
Kenya,KEN,2015,2.762
Kyrgyz Republic,KGZ,2015,3.338
Cambodia,KHM,2015,0.393
"Korea, Rep.",KOR,2015,3.546
Kuwait,KWT,2015,2.2
Latin America & Caribbean (excluding high income),LAC,2015,6.676731992
Lao PDR,LAO,2015,2.494
Lebanon,LBN,2015,9.306
Liberia,LBR,2015,2.557
Libya,LBY,2015,19.676
St. Lucia,LCA,2015,20.858
Latin America & Caribbean,LCN,2015,6.668734307
Least developed countries: UN classification,LDC,2015,4.839384551
Low income,LIC,2015,5.512770131
Sri Lanka,LKA,2015,4.519
Lower middle income,LMC,2015,6.159380255
Low & middle income,LMY,2015,5.926345946
Lesotho,LSO,2015,16.254
Late-demographic dividend,LTE,2015,5.100332372
Lithuania,LTU,2015,9.12
Luxembourg,LUX,2015,6.796
Latvia,LVA,2015,9.873
"Macao SAR, China",MAC,2015,1.81
Morocco,MAR,2015,9.46
Moldova,MDA,2015,1.742
Madagascar,MDG,2015,1.785
Maldives,MDV,2015,6.604
"Middle East, North Africa, Afghanistan & Pakistan",MEA,2015,8.363914021
Mexico,MEX,2015,4.311
Middle income,MIC,2015,5.955509034
North Macedonia,MKD,2015,26.395
Mali,MLI,2015,1.401
Malta,MLT,2015,5.389
Myanmar,MMR,2015,0.766
"Middle East, North Africa, Afghanistan & Pakistan (excluding high income)",MNA,2015,9.049376619
Montenegro,MNE,2015,17.555
Mongolia,MNG,2015,4.861
Mozambique,MOZ,2015,3.426
Mauritania,MRT,2015,10.108
Mauritius,MUS,2015,7.41
Malawi,MWI,2015,4.954
Malaysia,MYS,2015,3.1
North America,NAC,2015,5.460640822
Namibia,NAM,2015,20.808
New Caledonia,NCL,2015,13.637
Niger,NER,2015,0.553
Nigeria,NGA,2015,4.135
Nicaragua,NIC,2015,4.7
Netherlands,NLD,2015,6.872
Norway,NOR,2015,4.296
Nepal,NPL,2015,10.644
New Zealand,NZL,2015,5.415
OECD members,OED,2015,6.855498263
Oman,OMN,2015,3.401
Other small states,OSS,2015,9.995644476
Pakistan,PAK,2015,3.566
Panama,PAN,2015,4.335
Peru,PER,2015,3.272
Philippines,PHL,2015,3.068
Papua New Guinea,PNG,2015,2.503
Poland,POL,2015,7.475
Pre-demographic dividend,PRE,2015,4.937191701
Puerto Rico (US),PRI,2015,12.0
"Korea, Dem. People's Rep.",PRK,2015,2.896
Portugal,PRT,2015,12.447
Paraguay,PRY,2015,4.556
West Bank and Gaza,PSE,2015,23.005
Pacific island small states,PSS,2015,3.382091451
Post-demographic dividend,PST,2015,6.883211865
French Polynesia,PYF,2015,11.789
Qatar,QAT,2015,0.17
Romania,ROU,2015,6.812
Russian Federation,RUS,2015,5.615
Rwanda,RWA,2015,11.838
South Asia,SAS,2015,7.275209619
Saudi Arabia,SAU,2015,5.6
Sudan,SDN,2015,14.347
Senegal,SEN,2015,6.757
Singapore,SGP,2015,3.79
Solomon Islands,SLB,2015,0.735
Sierra Leone,SLE,2015,4.606
El Salvador,SLV,2015,3.998
Somalia,SOM,2015,18.597
Serbia,SRB,2015,17.66
Sub-Saharan Africa (excluding high income),SSA,2015,6.287694541
South Sudan,SSD,2015,12.485
Sub-Saharan Africa,SSF,2015,5.8550252
Small states,SST,2015,8.777377346
Sao Tome and Principe,STP,2015,10.594
Suriname,SUR,2015,7.22
Slovak Republic,SVK,2015,11.492
Slovenia,SVN,2015,8.962
Sweden,SWE,2015,7.432
Eswatini,SWZ,2015,23.285
Syrian Arab Republic,SYR,2015,14.243
Chad,TCD,2015,0.974
East Asia & Pacific (IDA & IBRD countries),TEA,2015,4.134988005
Europe & Central Asia (IDA & IBRD countries),TEC,2015,7.641510508
Togo,TGO,2015,2.204
Thailand,THA,2015,0.597
Tajikistan,TJK,2015,11.485
Turkmenistan,TKM,2015,4.016
Latin America & the Caribbean (IDA & IBRD countries),TLA,2015,6.719034468
Timor-Leste,TLS,2015,3.678
"Middle East, North Africa, Afghanistan & Pakistan (IDA & IBRD)",TMN,2015,8.966756652
Tonga,TON,2015,2.024
South Asia (IDA & IBRD),TSA,2015,7.275209619
Sub-Saharan Africa (IDA & IBRD countries),TSS,2015,5.8550252
Trinidad and Tobago,TTO,2015,2.428
Tunisia,TUN,2015,15.159
Turkiye,TUR,2015,10.304
Tanzania,TZA,2015,2.159
Uganda,UGA,2015,2.679
Ukraine,UKR,2015,9.14
Upper middle income,UMC,2015,5.796121394
Uruguay,URY,2015,7.488
United States,USA,2015,5.28
Uzbekistan,UZB,2015,5.15
St. Vincent and the Grenadines,VCT,2015,19.141
"Venezuela, RB",VEN,2015,6.137
Virgin Islands (U.S.),VIR,2015,12.422
Viet Nam,VNM,2015,1.848
Vanuatu,VUT,2015,5.254
World,WLD,2015,6.005977063
Samoa,WSM,2015,8.9
"Yemen, Rep.",YEM,2015,17.9
South Africa,ZAF,2015,25.149
Zambia,ZMB,2015,5.942
Zimbabwe,ZWE,2015,5.377
Africa Eastern and Southern,AFE,2016,7.194665995
Afghanistan,AFG,2016,10.133
Africa Western and Central,AFW,2016,4.157574374
Angola,AGO,2016,16.575
Albania,ALB,2016,15.418
Arab World,ARB,2016,10.8562902
United Arab Emirates,ARE,2016,1.64
Argentina,ARG,2016,8.085
Armenia,ARM,2016,17.617
Australia,AUS,2016,5.711
Austria,AUT,2016,6.064
Azerbaijan,AZE,2016,5.0
Burundi,BDI,2016,1.347
Belgium,BEL,2016,7.83
Benin,BEN,2016,1.784
Burkina Faso,BFA,2016,4.587
Bangladesh,BGD,2016,4.35
Bulgaria,BGR,2016,7.575
Bahrain,BHR,2016,1.192
"Bahamas, The",BHS,2016,12.7
Bosnia and Herzegovina,BIH,2016,25.408
Belarus,BLR,2016,5.844
Belize,BLZ,2016,7.0
Bolivia,BOL,2016,3.498
Brazil,BRA,2016,11.58
Barbados,BRB,2016,8.247
Brunei Darussalam,BRN,2016,8.574
Bhutan,BTN,2016,2.705
Botswana,BWA,2016,19.329
Central African Republic,CAF,2016,5.491
Canada,CAN,2016,7.038
Central Europe and the Baltics,CEB,2016,6.480099969
Switzerland,CHE,2016,4.918
Channel Islands,CHI,2016,7.715
Chile,CHL,2016,6.673
China,CHN,2016,4.56
Cote d'Ivoire,CIV,2016,1.896
Cameroon,CMR,2016,3.528
"Congo, Dem. Rep.",COD,2016,4.521
"Congo, Rep.",COG,2016,20.223
Colombia,COL,2016,8.922
Comoros,COM,2016,4.104
Cabo Verde,CPV,2016,12.077
Costa Rica,CRI,2016,8.085
Caribbean small states,CSS,2016,8.498719006
Cuba,CUB,2016,2.0
Cyprus,CYP,2016,13.006
Czechia,CZE,2016,3.952
Germany,DEU,2016,4.104
Djibouti,DJI,2016,25.992
Denmark,DNK,2016,5.989
Dominican Republic,DOM,2016,7.284
Algeria,DZA,2016,10.202
East Asia & Pacific (excluding high income),EAP,2016,4.034042927
Early-demographic dividend,EAR,2016,6.759151988
East Asia & Pacific,EAS,2016,3.995805158
Europe & Central Asia (excluding high income),ECA,2016,9.092405672
Europe & Central Asia,ECS,2016,8.091535647
Ecuador,ECU,2016,4.597
"Egypt, Arab Rep.",EGY,2016,12.45
Euro area,EMU,2016,10.03346318
Eritrea,ERI,2016,5.554
Spain,ESP,2016,19.635
Estonia,EST,2016,6.882
Ethiopia,ETH,2016,2.554
European Union,EUU,2016,9.107661317
Fragile and conflict affected situations,FCS,2016,5.617015486
Finland,FIN,2016,8.818
Fiji,FJI,2016,4.319
France,FRA,2016,10.057
Gabon,GAB,2016,20.134
United Kingdom,GBR,2016,4.867
Georgia,GEO,2016,16.604
Ghana,GHA,2016,5.232
Guinea,GIN,2016,5.013
"Gambia, The",GMB,2016,6.285
Guinea-Bissau,GNB,2016,3.123
Equatorial Guinea,GNQ,2016,7.962
Greece,GRC,2016,23.514
Guatemala,GTM,2016,2.583
Guam,GUM,2016,5.4
Guyana,GUY,2016,13.257
High income,HIC,2016,6.105665639
"Hong Kong SAR, China",HKG,2016,3.392
Honduras,HND,2016,6.727
Heavily indebted poor countries (HIPC),HPC,2016,4.371447715
Croatia,HRV,2016,13.103
Haiti,HTI,2016,13.852
Hungary,HUN,2016,5.115
IBRD only,IBD,2016,6.425582128
IDA & IBRD total,IBT,2016,5.965620379
IDA total,IDA,2016,4.344256583
IDA blend,IDB,2016,3.732200964
Indonesia,IDN,2016,4.301
IDA only,IDX,2016,4.689466093
India,IND,2016,7.601
Ireland,IRL,2016,8.374
"Iran, Islamic Rep.",IRN,2016,12.618
Iraq,IRQ,2016,10.82
Iceland,ISL,2016,2.978
Israel,ISR,2016,4.723
Italy,ITA,2016,11.688
Jamaica,JAM,2016,8.634
Jordan,JOR,2016,15.275
Japan,JPN,2016,3.132
Kazakhstan,KAZ,2016,4.96
Kenya,KEN,2016,2.757
Kyrgyz Republic,KGZ,2016,3.474
Cambodia,KHM,2016,0.716
"Korea, Rep.",KOR,2016,3.65
Kuwait,KWT,2016,2.16
Latin America & Caribbean (excluding high income),LAC,2016,7.890432825
Lao PDR,LAO,2016,2.881
Lebanon,LBN,2016,9.786
Liberia,LBR,2016,3.081
Libya,LBY,2016,19.522
St. Lucia,LCA,2016,19.933
Latin America & Caribbean,LCN,2016,7.729851555
Least developed countries: UN classification,LDC,2016,4.906837692
Low income,LIC,2016,5.607696443
Sri Lanka,LKA,2016,4.242
Lower middle income,LMC,2016,6.046551853
Low & middle income,LMY,2016,6.008257348
Lesotho,LSO,2016,16.17
Late-demographic dividend,LTE,2016,5.26949442
Lithuania,LTU,2016,7.862
Luxembourg,LUX,2016,6.669
Latvia,LVA,2016,9.643
"Macao SAR, China",MAC,2016,1.939
Morocco,MAR,2016,9.3
Moldova,MDA,2016,1.557
Madagascar,MDG,2016,1.947
Maldives,MDV,2016,5.771
"Middle East, North Africa, Afghanistan & Pakistan",MEA,2016,8.074841044
Mexico,MEX,2016,3.853
Middle income,MIC,2016,6.036806875
North Macedonia,MKD,2016,24.312
Mali,MLI,2016,1.367
Malta,MLT,2016,4.687
Myanmar,MMR,2016,1.058
"Middle East, North Africa, Afghanistan & Pakistan (excluding high income)",MNA,2016,8.755096979
Montenegro,MNE,2016,17.732
Mongolia,MNG,2016,7.235
Mozambique,MOZ,2016,3.457
Mauritania,MRT,2016,10.283
Mauritius,MUS,2016,6.814
Malawi,MWI,2016,5.007
Malaysia,MYS,2016,3.44
North America,NAC,2016,5.103407019
Namibia,NAM,2016,23.352
New Caledonia,NCL,2016,12.714
Niger,NER,2016,0.548
Nigeria,NGA,2016,4.499
Nicaragua,NIC,2016,3.9
Netherlands,NLD,2016,6.007
Norway,NOR,2016,4.68
Nepal,NPL,2016,10.742
New Zealand,NZL,2016,5.147
OECD members,OED,2016,6.432326315
Oman,OMN,2016,3.266
Other small states,OSS,2016,9.702239485
Pakistan,PAK,2016,2.285
Panama,PAN,2016,4.717
Peru,PER,2016,3.741
Philippines,PHL,2016,2.695
Papua New Guinea,PNG,2016,2.472
Poland,POL,2016,6.141
Pre-demographic dividend,PRE,2016,5.020891066
Puerto Rico (US),PRI,2016,11.8
"Korea, Dem. People's Rep.",PRK,2016,2.931
Portugal,PRT,2016,11.068
Paraguay,PRY,2016,5.255
West Bank and Gaza,PSE,2016,23.939
Pacific island small states,PSS,2016,3.370556573
Post-demographic dividend,PST,2016,6.409398934
French Polynesia,PYF,2016,11.715
Qatar,QAT,2016,0.15
Romania,ROU,2016,5.901
Russian Federation,RUS,2016,5.591
Rwanda,RWA,2016,11.801
South Asia,SAS,2016,7.242575684
Saudi Arabia,SAU,2016,5.6
Sudan,SDN,2016,13.606
Senegal,SEN,2016,4.455
Singapore,SGP,2016,4.08
Solomon Islands,SLB,2016,0.734
Sierra Leone,SLE,2016,4.294
El Salvador,SLV,2016,4.418
Somalia,SOM,2016,18.578
Serbia,SRB,2016,15.257
Sub-Saharan Africa (excluding high income),SSA,2016,6.366513641
South Sudan,SSD,2016,12.955
Sub-Saharan Africa,SSF,2016,5.941673769
Small states,SST,2016,8.665295589
Sao Tome and Principe,STP,2016,9.686
Suriname,SUR,2016,7.917
Slovak Republic,SVK,2016,9.679
Slovenia,SVN,2016,8.0
Sweden,SWE,2016,6.99
Eswatini,SWZ,2016,22.718
Syrian Arab Republic,SYR,2016,13.795
Chad,TCD,2016,1.047
East Asia & Pacific (IDA & IBRD countries),TEA,2016,4.050945294
Europe & Central Asia (IDA & IBRD countries),TEC,2016,7.475281244
Togo,TGO,2016,2.968
Thailand,THA,2016,0.688
Tajikistan,TJK,2016,11.5
Turkmenistan,TKM,2016,4.031
Latin America & the Caribbean (IDA & IBRD countries),TLA,2016,7.811365755
Timor-Leste,TLS,2016,4.657
"Middle East, North Africa, Afghanistan & Pakistan (IDA & IBRD)",TMN,2016,8.664739932
Tonga,TON,2016,2.046
South Asia (IDA & IBRD),TSA,2016,7.242575684
Sub-Saharan Africa (IDA & IBRD countries),TSS,2016,5.941673769
Trinidad and Tobago,TTO,2016,3.207
Tunisia,TUN,2016,15.557
Turkiye,TUR,2016,10.899
Tanzania,TZA,2016,2.23
Uganda,UGA,2016,3.008
Ukraine,UKR,2016,9.35
Upper middle income,UMC,2016,6.029098552
Uruguay,URY,2016,7.841
United States,USA,2016,4.869
Uzbekistan,UZB,2016,5.16
St. Vincent and the Grenadines,VCT,2016,19.028
"Venezuela, RB",VEN,2016,5.319
Virgin Islands (U.S.),VIR,2016,12.515
Viet Nam,VNM,2016,1.848
Vanuatu,VUT,2016,5.261
World,WLD,2016,5.97765544
Samoa,WSM,2016,9.062
"Yemen, Rep.",YEM,2016,18.416
South Africa,ZAF,2016,26.536
Zambia,ZMB,2016,5.239
Zimbabwe,ZWE,2016,5.886
Africa Eastern and Southern,AFE,2017,7.346330634
Afghanistan,AFG,2017,11.184
Africa Western and Central,AFW,2017,4.274196204
Angola,AGO,2017,16.61
Albania,ALB,2017,13.616
Arab World,ARB,2017,11.11310755
United Arab Emirates,ARE,2017,2.462
Argentina,ARG,2017,8.347
Armenia,ARM,2017,17.704
Australia,AUS,2017,5.592
Austria,AUT,2017,5.561
Azerbaijan,AZE,2017,5.0
Burundi,BDI,2017,1.247
Belgium,BEL,2017,7.09
Benin,BEN,2017,1.659
Burkina Faso,BFA,2017,4.656
Bangladesh,BGD,2017,4.372
Bulgaria,BGR,2017,6.164
Bahrain,BHR,2017,1.194
"Bahamas, The",BHS,2017,9.8
Bosnia and Herzegovina,BIH,2017,20.527
Belarus,BLR,2017,5.648
Belize,BLZ,2017,6.596
Bolivia,BOL,2017,3.655
Brazil,BRA,2017,12.792
Barbados,BRB,2017,8.622
Brunei Darussalam,BRN,2017,9.316
Bhutan,BTN,2017,3.016
Botswana,BWA,2017,19.664
Central African Republic,CAF,2017,5.534
Canada,CAN,2017,6.426
Central Europe and the Baltics,CEB,2017,5.28282284
Switzerland,CHE,2017,4.797
Channel Islands,CHI,2017,7.12
Chile,CHL,2017,7.257
China,CHN,2017,4.47
Cote d'Ivoire,CIV,2017,3.272
Cameroon,CMR,2017,3.568
"Congo, Dem. Rep.",COD,2017,4.601
"Congo, Rep.",COG,2017,20.611
Colombia,COL,2017,9.086
Comoros,COM,2017,4.03
Cabo Verde,CPV,2017,12.24
Costa Rica,CRI,2017,7.729
Caribbean small states,CSS,2017,8.220608871
Cuba,CUB,2017,1.7
Cyprus,CYP,2017,11.155
Czechia,CZE,2017,2.893
Germany,DEU,2017,3.781
Djibouti,DJI,2017,26.064
Denmark,DNK,2017,5.833
Dominican Republic,DOM,2017,5.832
Algeria,DZA,2017,12.0
East Asia & Pacific (excluding high income),EAP,2017,3.911714815
Early-demographic dividend,EAR,2017,6.745125147
East Asia & Pacific,EAS,2017,3.865650242
Europe & Central Asia (excluding high income),ECA,2017,8.991502814
Europe & Central Asia,ECS,2017,7.498619372
Ecuador,ECU,2017,3.836
"Egypt, Arab Rep.",EGY,2017,11.767
Euro area,EMU,2017,9.069845299
Eritrea,ERI,2017,5.577
Spain,ESP,2017,17.224
Estonia,EST,2017,5.807
Ethiopia,ETH,2017,2.662
European Union,EUU,2017,8.134074913
Fragile and conflict affected situations,FCS,2017,5.830651942
Finland,FIN,2017,8.64
Fiji,FJI,2017,4.324
France,FRA,2017,9.409
Gabon,GAB,2017,20.303
United Kingdom,GBR,2017,4.452
Georgia,GEO,2017,13.939
Ghana,GHA,2017,3.369
Guinea,GIN,2017,4.826
"Gambia, The",GMB,2017,5.157
Guinea-Bissau,GNB,2017,3.066
Equatorial Guinea,GNQ,2017,8.004
Greece,GRC,2017,21.413
Guatemala,GTM,2017,2.462
Guam,GUM,2017,5.418
Guyana,GUY,2017,13.462
High income,HIC,2017,5.576590792
"Hong Kong SAR, China",HKG,2017,3.124
Honduras,HND,2017,5.528
Heavily indebted poor countries (HIPC),HPC,2017,4.384236968
Croatia,HRV,2017,11.208
Haiti,HTI,2017,13.881
Hungary,HUN,2017,4.156
IBRD only,IBD,2017,6.402894796
IDA & IBRD total,IBT,2017,5.988941555
IDA total,IDA,2017,4.552178647
IDA blend,IDB,2017,4.350360646
Indonesia,IDN,2017,3.783
IDA only,IDX,2017,4.665303603
India,IND,2017,7.618
Ireland,IRL,2017,6.713
"Iran, Islamic Rep.",IRN,2017,12.232
Iraq,IRQ,2017,13.02
Iceland,ISL,2017,2.742
Israel,ISR,2017,4.14
Italy,ITA,2017,11.211
Jamaica,JAM,2017,7.399
Jordan,JOR,2017,18.12
Japan,JPN,2017,2.822
Kazakhstan,KAZ,2017,4.9
Kenya,KEN,2017,3.541
Kyrgyz Republic,KGZ,2017,3.57
Cambodia,KHM,2017,0.141
"Korea, Rep.",KOR,2017,3.653
Kuwait,KWT,2017,2.227
Latin America & Caribbean (excluding high income),LAC,2017,8.217284203
Lao PDR,LAO,2017,3.268
Lebanon,LBN,2017,10.251
Liberia,LBR,2017,3.066
Libya,LBY,2017,19.02
St. Lucia,LCA,2017,19.136
Latin America & Caribbean,LCN,2017,8.02899419
Least developed countries: UN classification,LDC,2017,4.969473103
Low income,LIC,2017,5.691854095
Sri Lanka,LKA,2017,4.046
Lower middle income,LMC,2017,6.133608043
Low & middle income,LMY,2017,6.054724029
Lesotho,LSO,2017,16.401
Late-demographic dividend,LTE,2017,5.260335774
Lithuania,LTU,2017,7.073
Luxembourg,LUX,2017,5.523
Latvia,LVA,2017,8.715
"Macao SAR, China",MAC,2017,1.987
Morocco,MAR,2017,9.223
Moldova,MDA,2017,1.586
Madagascar,MDG,2017,2.119
Maldives,MDV,2017,5.401
"Middle East, North Africa, Afghanistan & Pakistan",MEA,2017,8.522849063
Mexico,MEX,2017,3.419
Middle income,MIC,2017,6.08090306
North Macedonia,MKD,2017,22.857
Mali,MLI,2017,1.494
Malta,MLT,2017,4.002
Myanmar,MMR,2017,1.356
"Middle East, North Africa, Afghanistan & Pakistan (excluding high income)",MNA,2017,9.25655934
Montenegro,MNE,2017,16.082
Mongolia,MNG,2017,6.359
Mozambique,MOZ,2017,3.539
Mauritania,MRT,2017,10.336
Mauritius,MUS,2017,6.752
Malawi,MWI,2017,5.039
Malaysia,MYS,2017,3.41
North America,NAC,2017,4.579717386
Namibia,NAM,2017,21.733
New Caledonia,NCL,2017,11.676
Niger,NER,2017,0.554
Nigeria,NGA,2017,4.828
Nicaragua,NIC,2017,3.3
Netherlands,NLD,2017,4.837
Norway,NOR,2017,4.164
Nepal,NPL,2017,10.66
New Zealand,NZL,2017,4.736
OECD members,OED,2017,5.915492826
Oman,OMN,2017,2.522
Other small states,OSS,2017,9.258776327
Pakistan,PAK,2017,3.215
Panama,PAN,2017,5.338
Peru,PER,2017,3.691
Philippines,PHL,2017,2.552
Papua New Guinea,PNG,2017,2.569
Poland,POL,2017,4.867
Pre-demographic dividend,PRE,2017,5.284609319
Puerto Rico (US),PRI,2017,10.8
"Korea, Dem. People's Rep.",PRK,2017,2.846
Portugal,PRT,2017,8.869
Paraguay,PRY,2017,6.138
West Bank and Gaza,PSE,2017,25.677
Pacific island small states,PSS,2017,3.367720152
Post-demographic dividend,PST,2017,5.848584518
French Polynesia,PYF,2017,11.573
Qatar,QAT,2017,0.14
Romania,ROU,2017,4.927
Russian Federation,RUS,2017,5.238
Rwanda,RWA,2017,11.875
South Asia,SAS,2017,7.242855312
Saudi Arabia,SAU,2017,5.89
Sudan,SDN,2017,12.953
Senegal,SEN,2017,4.078
Singapore,SGP,2017,4.2
Solomon Islands,SLB,2017,0.725
Sierra Leone,SLE,2017,3.834
El Salvador,SLV,2017,4.385
Somalia,SOM,2017,18.523
Serbia,SRB,2017,13.477
Sub-Saharan Africa (excluding high income),SSA,2017,6.502363384
South Sudan,SSD,2017,13.111
Sub-Saharan Africa,SSF,2017,6.077506409
Small states,SST,2017,8.316062072
Sao Tome and Principe,STP,2017,8.808
Suriname,SUR,2017,7.888
Slovak Republic,SVK,2017,8.142
Slovenia,SVN,2017,6.564
Sweden,SWE,2017,6.718
Eswatini,SWZ,2017,24.523
Syrian Arab Republic,SYR,2017,13.597
Chad,TCD,2017,1.116
East Asia & Pacific (IDA & IBRD countries),TEA,2017,3.928165117
Europe & Central Asia (IDA & IBRD countries),TEC,2017,7.126181207
Togo,TGO,2017,3.744
Thailand,THA,2017,0.83
Tajikistan,TJK,2017,11.487
Turkmenistan,TKM,2017,4.044
Latin America & the Caribbean (IDA & IBRD countries),TLA,2017,8.127556965
Timor-Leste,TLS,2017,4.248
"Middle East, North Africa, Afghanistan & Pakistan (IDA & IBRD)",TMN,2017,9.157191194
Tonga,TON,2017,2.131
South Asia (IDA & IBRD),TSA,2017,7.242855312
Sub-Saharan Africa (IDA & IBRD countries),TSS,2017,6.077506409
Trinidad and Tobago,TTO,2017,3.394
Tunisia,TUN,2017,15.33
Turkiye,TUR,2017,10.919
Tanzania,TZA,2017,2.303
Uganda,UGA,2017,3.428
Ukraine,UKR,2017,9.5
Upper middle income,UMC,2017,6.038782269
Uruguay,URY,2017,7.89
United States,USA,2017,4.355
Uzbekistan,UZB,2017,5.83
St. Vincent and the Grenadines,VCT,2017,19.006
"Venezuela, RB",VEN,2017,5.045
Virgin Islands (U.S.),VIR,2017,12.217
Viet Nam,VNM,2017,1.874
Vanuatu,VUT,2017,5.287
World,WLD,2017,5.906576329
Samoa,WSM,2017,9.4
"Yemen, Rep.",YEM,2017,18.603
South Africa,ZAF,2017,27.035
Zambia,ZMB,2017,4.529
Zimbabwe,ZWE,2017,6.344
Africa Eastern and Southern,AFE,2018,7.360513104
Afghanistan,AFG,2018,11.196
Africa Western and Central,AFW,2018,4.323630954
Angola,AGO,2018,16.594
Albania,ALB,2018,12.304
Arab World,ARB,2018,10.65973963
United Arab Emirates,ARE,2018,2.236
Argentina,ARG,2018,9.22
Armenia,ARM,2018,18.966
Australia,AUS,2018,5.3
Austria,AUT,2018,4.933
Azerbaijan,AZE,2018,4.9
Burundi,BDI,2018,1.146
Belgium,BEL,2018,5.941
Benin,BEN,2018,1.41
Burkina Faso,BFA,2018,4.695
Bangladesh,BGD,2018,4.407
Bulgaria,BGR,2018,5.211
Bahrain,BHR,2018,1.2
"Bahamas, The",BHS,2018,10.0
Bosnia and Herzegovina,BIH,2018,18.4
Belarus,BLR,2018,4.763
Belize,BLZ,2018,7.896
Bolivia,BOL,2018,3.519
Brazil,BRA,2018,12.329
Barbados,BRB,2018,8.322
Brunei Darussalam,BRN,2018,8.7
Bhutan,BTN,2018,3.35
Botswana,BWA,2018,19.681
Central African Republic,CAF,2018,5.517
Canada,CAN,2018,5.837
Central Europe and the Baltics,CEB,2018,4.303695628
Switzerland,CHE,2018,4.713
Channel Islands,CHI,2018,6.571
Chile,CHL,2018,7.623
China,CHN,2018,4.31
Cote d'Ivoire,CIV,2018,2.85
Cameroon,CMR,2018,3.601
"Congo, Dem. Rep.",COD,2018,4.618
"Congo, Rep.",COG,2018,20.701
Colombia,COL,2018,9.36
Comoros,COM,2018,3.942
Cabo Verde,CPV,2018,12.17
Costa Rica,CRI,2018,9.01
Caribbean small states,CSS,2018,8.422285556
Cuba,CUB,2018,1.7
Cyprus,CYP,2018,8.504
Czechia,CZE,2018,2.246
Germany,DEU,2018,3.384
Djibouti,DJI,2018,26.184
Denmark,DNK,2018,5.131
Dominican Republic,DOM,2018,5.861
Algeria,DZA,2018,12.137
East Asia & Pacific (excluding high income),EAP,2018,3.802343783
Early-demographic dividend,EAR,2018,6.79972999
East Asia & Pacific,EAS,2018,3.744974769
Europe & Central Asia (excluding high income),ECA,2018,8.661131657
Europe & Central Asia,ECS,2018,6.898466519
Ecuador,ECU,2018,3.53
"Egypt, Arab Rep.",EGY,2018,9.855
Euro area,EMU,2018,8.158556294
Eritrea,ERI,2018,5.511
Spain,ESP,2018,15.255
Estonia,EST,2018,5.412
Ethiopia,ETH,2018,2.802
European Union,EUU,2018,7.255923595
Fragile and conflict affected situations,FCS,2018,5.829739634
Finland,FIN,2018,7.361
Fiji,FJI,2018,4.335
France,FRA,2018,9.018
Gabon,GAB,2018,20.439
United Kingdom,GBR,2018,4.12
Georgia,GEO,2018,12.667
Ghana,GHA,2018,3.253
Guinea,GIN,2018,4.787
"Gambia, The",GMB,2018,4.127
Guinea-Bissau,GNB,2018,3.127
Equatorial Guinea,GNQ,2018,7.967
Greece,GRC,2018,19.179
Guatemala,GTM,2018,2.283
Guam,GUM,2018,5.449
Guyana,GUY,2018,13.627
High income,HIC,2018,5.082106014
"Hong Kong SAR, China",HKG,2018,2.805
Honduras,HND,2018,5.648
Heavily indebted poor countries (HIPC),HPC,2018,4.35098845
Croatia,HRV,2018,8.432
Haiti,HTI,2018,13.878
Hungary,HUN,2018,3.708
IBRD only,IBD,2018,6.294315686
IDA & IBRD total,IBT,2018,5.924439811
IDA total,IDA,2018,4.660565415
IDA blend,IDB,2018,4.758530254
Indonesia,IDN,2018,4.387
IDA only,IDX,2018,4.606044701
India,IND,2018,7.652
Ireland,IRL,2018,5.741
"Iran, Islamic Rep.",IRN,2018,12.195
Iraq,IRQ,2018,13.49
Iceland,ISL,2018,2.704
Israel,ISR,2018,3.917
Italy,ITA,2018,10.61
Jamaica,JAM,2018,5.47
Jordan,JOR,2018,18.257
Japan,JPN,2018,2.467
Kazakhstan,KAZ,2018,4.85
Kenya,KEN,2018,4.284
Kyrgyz Republic,KGZ,2018,3.67
Cambodia,KHM,2018,0.13
"Korea, Rep.",KOR,2018,3.824
Kuwait,KWT,2018,2.204
Latin America & Caribbean (excluding high income),LAC,2018,8.062001874
Lao PDR,LAO,2018,2.9
Lebanon,LBN,2018,10.745
Liberia,LBR,2018,3.056
Libya,LBY,2018,18.836
St. Lucia,LCA,2018,19.329
Latin America & Caribbean,LCN,2018,7.932470904
Least developed countries: UN classification,LDC,2018,4.887023551
Low income,LIC,2018,5.541300637
Sri Lanka,LKA,2018,4.318
Lower middle income,LMC,2018,6.124545925
Low & middle income,LMY,2018,6.000988753
Lesotho,LSO,2018,16.625
Late-demographic dividend,LTE,2018,5.039761855
Lithuania,LTU,2018,6.147
Luxembourg,LUX,2018,5.589
Latvia,LVA,2018,7.412
"Macao SAR, China",MAC,2018,1.834
Morocco,MAR,2018,9.271
Moldova,MDA,2018,1.196
Madagascar,MDG,2018,2.297
Maldives,MDV,2018,4.95
"Middle East, North Africa, Afghanistan & Pakistan",MEA,2018,8.54016359
Mexico,MEX,2018,3.275
Middle income,MIC,2018,6.034827151
North Macedonia,MKD,2018,21.208
Mali,MLI,2018,1.62
Malta,MLT,2018,3.658
Myanmar,MMR,2018,0.767
"Middle East, North Africa, Afghanistan & Pakistan (excluding high income)",MNA,2018,9.287174247
Montenegro,MNE,2018,15.19
Mongolia,MNG,2018,5.377
Mozambique,MOZ,2018,3.604
Mauritania,MRT,2018,10.407
Mauritius,MUS,2018,6.426
Malawi,MWI,2018,5.014
Malaysia,MYS,2018,3.3
North America,NAC,2018,4.107214299
Namibia,NAM,2018,19.877
New Caledonia,NCL,2018,11.702
Niger,NER,2018,0.535
Nigeria,NGA,2018,5.067
Nicaragua,NIC,2018,5.2
Netherlands,NLD,2018,3.832
Norway,NOR,2018,3.801
Nepal,NPL,2018,10.559
New Zealand,NZL,2018,4.335
OECD members,OED,2018,5.476703716
Oman,OMN,2018,1.8
Other small states,OSS,2018,8.758577556
Pakistan,PAK,2018,4.083
Panama,PAN,2018,5.161
Peru,PER,2018,3.492
Philippines,PHL,2018,2.338
Papua New Guinea,PNG,2018,2.635
Poland,POL,2018,3.835
Pre-demographic dividend,PRE,2018,5.351386027
Puerto Rico (US),PRI,2018,9.2
"Korea, Dem. People's Rep.",PRK,2018,2.757
Portugal,PRT,2018,6.994
Paraguay,PRY,2018,6.217
West Bank and Gaza,PSE,2018,26.256
Pacific island small states,PSS,2018,3.275633607
Post-demographic dividend,PST,2018,5.296925643
French Polynesia,PYF,2018,11.572
Qatar,QAT,2018,0.11
Romania,ROU,2018,4.187
Russian Federation,RUS,2018,4.871
Rwanda,RWA,2018,10.759
South Asia,SAS,2018,7.277323619
Saudi Arabia,SAU,2018,6.029
Sudan,SDN,2018,12.303
Senegal,SEN,2018,3.455
Singapore,SGP,2018,3.613
Solomon Islands,SLB,2018,0.72
Sierra Leone,SLE,2018,3.192
El Salvador,SLV,2018,4.006
Somalia,SOM,2018,18.738
Serbia,SRB,2018,12.733
Sub-Saharan Africa (excluding high income),SSA,2018,6.511441627
South Sudan,SSD,2018,12.952
Sub-Saharan Africa,SSF,2018,6.106327975
Small states,SST,2018,8.035003552
Sao Tome and Principe,STP,2018,8.714
Suriname,SUR,2018,7.693
Slovak Republic,SVK,2018,6.544
Slovenia,SVN,2018,5.108
Sweden,SWE,2018,6.365
Eswatini,SWZ,2018,26.369
Syrian Arab Republic,SYR,2018,13.497
Chad,TCD,2018,1.135
East Asia & Pacific (IDA & IBRD countries),TEA,2018,3.81853389
Europe & Central Asia (IDA & IBRD countries),TEC,2018,6.68712191
Togo,TGO,2018,2.898
Thailand,THA,2018,0.765
Tajikistan,TJK,2018,11.437
Turkmenistan,TKM,2018,4.044
Latin America & the Caribbean (IDA & IBRD countries),TLA,2018,8.033247205
Timor-Leste,TLS,2018,3.778
"Middle East, North Africa, Afghanistan & Pakistan (IDA & IBRD)",TMN,2018,9.18412652
Tonga,TON,2018,2.248
South Asia (IDA & IBRD),TSA,2018,7.277323619
Sub-Saharan Africa (IDA & IBRD countries),TSS,2018,6.106327975
Trinidad and Tobago,TTO,2018,3.498
Tunisia,TUN,2018,15.459
Turkiye,TUR,2018,10.956
Tanzania,TZA,2018,2.393
Uganda,UGA,2018,3.25
Ukraine,UKR,2018,8.799
Upper middle income,UMC,2018,5.962354785
Uruguay,URY,2018,8.336
United States,USA,2018,3.896
Uzbekistan,UZB,2018,5.389
St. Vincent and the Grenadines,VCT,2018,18.984
"Venezuela, RB",VEN,2018,5.46
Virgin Islands (U.S.),VIR,2018,12.407
Viet Nam,VNM,2018,1.161
Vanuatu,VUT,2018,5.326
World,WLD,2018,5.768459788
Samoa,WSM,2018,8.639
"Yemen, Rep.",YEM,2018,17.584
South Africa,ZAF,2018,26.906
Zambia,ZMB,2018,5.033
Zimbabwe,ZWE,2018,6.793
Africa Eastern and Southern,AFE,2019,7.584418799
Afghanistan,AFG,2019,11.185
Africa Western and Central,AFW,2019,4.395271211
Angola,AGO,2019,16.497
Albania,ALB,2019,11.466
Arab World,ARB,2019,10.21609802
United Arab Emirates,ARE,2019,2.331
Argentina,ARG,2019,9.843
Armenia,ARM,2019,18.304
Australia,AUS,2019,5.159
Austria,AUT,2019,4.56
Azerbaijan,AZE,2019,5.0
Burundi,BDI,2019,1.043
Belgium,BEL,2019,5.364
Benin,BEN,2019,1.214
Burkina Faso,BFA,2019,4.71
Bangladesh,BGD,2019,4.441
Bulgaria,BGR,2019,4.23
Bahrain,BHR,2019,1.223
"Bahamas, The",BHS,2019,9.336
Bosnia and Herzegovina,BIH,2019,15.692
Belarus,BLR,2019,4.165
Belize,BLZ,2019,9.053
Bolivia,BOL,2019,3.682
Brazil,BRA,2019,11.936
Barbados,BRB,2019,8.412
Brunei Darussalam,BRN,2019,6.6
Bhutan,BTN,2019,2.72
Botswana,BWA,2019,20.094
Central African Republic,CAF,2019,5.607
Canada,CAN,2019,5.69
Central Europe and the Baltics,CEB,2019,3.770153482
Switzerland,CHE,2019,4.394
Channel Islands,CHI,2019,6.408
Chile,CHL,2019,7.493
China,CHN,2019,4.56
Cote d'Ivoire,CIV,2019,2.401
Cameroon,CMR,2019,3.622
"Congo, Dem. Rep.",COD,2019,4.591
"Congo, Rep.",COG,2019,20.392
Colombia,COL,2019,10.28
Comoros,COM,2019,3.934
Cabo Verde,CPV,2019,12.128
Costa Rica,CRI,2019,10.807
Caribbean small states,CSS,2019,8.162114305
Cuba,CUB,2019,1.705
Cyprus,CYP,2019,7.155
Czechia,CZE,2019,2.015
Germany,DEU,2019,3.163
Djibouti,DJI,2019,26.256
Denmark,DNK,2019,5.018
Dominican Republic,DOM,2019,6.356
Algeria,DZA,2019,12.259
East Asia & Pacific (excluding high income),EAP,2019,3.893305531
Early-demographic dividend,EAR,2019,6.334711304
East Asia & Pacific,EAS,2019,3.814721
Europe & Central Asia (excluding high income),ECA,2019,9.164450303
Europe & Central Asia,ECS,2019,6.645073581
Ecuador,ECU,2019,3.812
"Egypt, Arab Rep.",EGY,2019,7.851
Euro area,EMU,2019,7.519361423
Eritrea,ERI,2019,5.552
Spain,ESP,2019,14.104
Estonia,EST,2019,4.514
Ethiopia,ETH,2019,2.917
European Union,EUU,2019,6.688575564
Fragile and conflict affected situations,FCS,2019,5.879107366
Finland,FIN,2019,6.695
Fiji,FJI,2019,4.373
France,FRA,2019,8.415
Gabon,GAB,2019,20.358
United Kingdom,GBR,2019,3.613
Georgia,GEO,2019,11.565
Ghana,GHA,2019,3.16
Guinea,GIN,2019,5.018
"Gambia, The",GMB,2019,4.538
Guinea-Bissau,GNB,2019,2.413
Equatorial Guinea,GNQ,2019,8.064
Greece,GRC,2019,17.045
Guatemala,GTM,2019,2.193
Guam,GUM,2019,5.401
Guyana,GUY,2019,13.172
High income,HIC,2019,4.763018043
"Hong Kong SAR, China",HKG,2019,2.917
Honduras,HND,2019,5.698
Heavily indebted poor countries (HIPC),HPC,2019,4.358911386
Croatia,HRV,2019,6.617
Haiti,HTI,2019,14.057
Hungary,HUN,2019,3.419
IBRD only,IBD,2019,6.080765594
IDA & IBRD total,IBT,2019,5.783017561
IDA total,IDA,2019,4.782675381
IDA blend,IDB,2019,5.077267315
Indonesia,IDN,2019,3.59
IDA only,IDX,2019,4.61871805
India,IND,2019,6.51
Ireland,IRL,2019,4.95
"Iran, Islamic Rep.",IRN,2019,10.74
Iraq,IRQ,2019,14.109
Iceland,ISL,2019,3.507
Israel,ISR,2019,3.731
Italy,ITA,2019,9.951
Jamaica,JAM,2019,4.987
Jordan,JOR,2019,16.801
Japan,JPN,2019,2.351
Kazakhstan,KAZ,2019,4.8
Kenya,KEN,2019,5.014
Kyrgyz Republic,KGZ,2019,4.295
Cambodia,KHM,2019,0.119
"Korea, Rep.",KOR,2019,3.746
Kuwait,KWT,2019,2.251
Latin America & Caribbean (excluding high income),LAC,2019,8.090688681
Lao PDR,LAO,2019,2.537
Lebanon,LBN,2019,11.301
Liberia,LBR,2019,3.068
Libya,LBY,2019,19.05
St. Lucia,LCA,2019,15.613
Latin America & Caribbean,LCN,2019,8.000433575
Least developed countries: UN classification,LDC,2019,4.886146554
Low income,LIC,2019,5.525978679
Sri Lanka,LKA,2019,4.67
Lower middle income,LMC,2019,5.631349755
Low & middle income,LMY,2019,5.860904625
Lesotho,LSO,2019,16.876
Late-demographic dividend,LTE,2019,5.185184721
Lithuania,LTU,2019,6.255
Luxembourg,LUX,2019,5.592
Latvia,LVA,2019,6.312
"Macao SAR, China",MAC,2019,1.749
Morocco,MAR,2019,9.194
Moldova,MDA,2019,1.466
Madagascar,MDG,2019,2.469
Maldives,MDV,2019,4.562
"Middle East, North Africa, Afghanistan & Pakistan",MEA,2019,8.334642438
Mexico,MEX,2019,3.477
Middle income,MIC,2019,5.886047408
North Macedonia,MKD,2019,17.414
Mali,MLI,2019,3.29
Malta,MLT,2019,3.616
Myanmar,MMR,2019,0.407
"Middle East, North Africa, Afghanistan & Pakistan (excluding high income)",MNA,2019,9.068633589
Montenegro,MNE,2019,15.128
Mongolia,MNG,2019,9.269
Mozambique,MOZ,2019,3.646
Mauritania,MRT,2019,10.416
Mauritius,MUS,2019,6.331
Malawi,MWI,2019,4.966
Malaysia,MYS,2019,3.26
North America,NAC,2019,3.890566885
Namibia,NAM,2019,19.921
New Caledonia,NCL,2019,10.88
Niger,NER,2019,0.531
Nigeria,NGA,2019,5.206
Nicaragua,NIC,2019,5.472
Netherlands,NLD,2019,3.379
Norway,NOR,2019,3.684
Nepal,NPL,2019,10.389
New Zealand,NZL,2019,4.109
OECD members,OED,2019,5.388357605
Oman,OMN,2019,2.04
Other small states,OSS,2019,8.326514859
Pakistan,PAK,2019,4.83
Panama,PAN,2019,6.256
Peru,PER,2019,3.379
Philippines,PHL,2019,2.237
Papua New Guinea,PNG,2019,2.634
Poland,POL,2019,3.267
Pre-demographic dividend,PRE,2019,5.423094637
Puerto Rico (US),PRI,2019,8.3
"Korea, Dem. People's Rep.",PRK,2019,2.782
Portugal,PRT,2019,6.464
Paraguay,PRY,2019,6.595
West Bank and Gaza,PSE,2019,25.34
Pacific island small states,PSS,2019,3.213943249
Post-demographic dividend,PST,2019,4.941201275
French Polynesia,PYF,2019,11.565
Qatar,QAT,2019,0.1
Romania,ROU,2019,3.912
Russian Federation,RUS,2019,4.513
Rwanda,RWA,2019,11.236
South Asia,SAS,2019,6.298187323
Saudi Arabia,SAU,2019,5.636
Sudan,SDN,2019,11.658
Senegal,SEN,2019,2.863
Singapore,SGP,2019,3.1
Solomon Islands,SLB,2019,0.743
Sierra Leone,SLE,2019,3.203
El Salvador,SLV,2019,4.17
Somalia,SOM,2019,18.828
Serbia,SRB,2019,10.395
Sub-Saharan Africa (excluding high income),SSA,2019,6.67205826
South Sudan,SSD,2019,12.709
Sub-Saharan Africa,SSF,2019,6.267921211
Small states,SST,2019,7.691148423
Sao Tome and Principe,STP,2019,8.831
Suriname,SUR,2019,7.556
Slovak Republic,SVK,2019,5.761
Slovenia,SVN,2019,4.446
Sweden,SWE,2019,6.833
Eswatini,SWZ,2019,28.138
Syrian Arab Republic,SYR,2019,13.36
Chad,TCD,2019,1.084
East Asia & Pacific (IDA & IBRD countries),TEA,2019,3.910558146
Europe & Central Asia (IDA & IBRD countries),TEC,2019,6.742706341
Togo,TGO,2019,2.036
Thailand,THA,2019,0.716
Tajikistan,TJK,2019,11.419
Turkmenistan,TKM,2019,4.043
Latin America & the Caribbean (IDA & IBRD countries),TLA,2019,8.104243491
Timor-Leste,TLS,2019,3.097
"Middle East, North Africa, Afghanistan & Pakistan (IDA & IBRD)",TMN,2019,8.967066563
Tonga,TON,2019,2.157
South Asia (IDA & IBRD),TSA,2019,6.298187323
Sub-Saharan Africa (IDA & IBRD countries),TSS,2019,6.267921211
Trinidad and Tobago,TTO,2019,3.523
Tunisia,TUN,2019,17.153
Turkiye,TUR,2019,13.73
Tanzania,TZA,2019,2.496
Uganda,UGA,2019,3.06
Ukraine,UKR,2019,8.194
Upper middle income,UMC,2019,6.093920605
Uruguay,URY,2019,8.836
United States,USA,2019,3.669
Uzbekistan,UZB,2019,4.932
St. Vincent and the Grenadines,VCT,2019,19.235
"Venezuela, RB",VEN,2019,5.876
Virgin Islands (U.S.),VIR,2019,12.551
Viet Nam,VNM,2019,1.681
Vanuatu,VUT,2019,5.444
World,WLD,2019,5.598562261
Samoa,WSM,2019,7.838
"Yemen, Rep.",YEM,2019,17.202
South Africa,ZAF,2019,28.468
Zambia,ZMB,2019,5.542
Zimbabwe,ZWE,2019,7.373
Africa Eastern and Southern,AFE,2020,8.191394911
Afghanistan,AFG,2020,11.71
Africa Western and Central,AFW,2020,4.852392701
Angola,AGO,2020,16.69
Albania,ALB,2020,11.69
Arab World,ARB,2020,11.32561254
United Arab Emirates,ARE,2020,4.294
Argentina,ARG,2020,11.461
Armenia,ARM,2020,18.175
Australia,AUS,2020,6.456
Austria,AUT,2020,5.201
Azerbaijan,AZE,2020,7.24
Burundi,BDI,2020,1.03
Belgium,BEL,2020,5.545
Benin,BEN,2020,1.502
Burkina Faso,BFA,2020,5.04
Bangladesh,BGD,2020,5.436
Bulgaria,BGR,2020,5.125
Bahrain,BHR,2020,1.781
"Bahamas, The",BHS,2020,12.027
Bosnia and Herzegovina,BIH,2020,15.868
Belarus,BLR,2020,4.049
Belize,BLZ,2020,10.784
Bolivia,BOL,2020,7.903
Brazil,BRA,2020,13.697
Barbados,BRB,2020,9.777
Brunei Darussalam,BRN,2020,7.409
Bhutan,BTN,2020,5.03
Botswana,BWA,2020,21.017
Central African Republic,CAF,2020,6.196
Canada,CAN,2020,9.657
Central Europe and the Baltics,CEB,2020,4.361481611
Switzerland,CHE,2020,4.817
Channel Islands,CHI,2020,6.863
Chile,CHL,2020,10.934
China,CHN,2020,5.0
Cote d'Ivoire,CIV,2020,2.584
Cameroon,CMR,2020,3.87
"Congo, Dem. Rep.",COD,2020,5.345
"Congo, Rep.",COG,2020,22.198
Colombia,COL,2020,15.983
Comoros,COM,2020,4.471
Cabo Verde,CPV,2020,14.69
Costa Rica,CRI,2020,16.432
Caribbean small states,CSS,2020,9.86550042
Cuba,CUB,2020,2.24
Cyprus,CYP,2020,7.755
Czechia,CZE,2020,2.55
Germany,DEU,2020,3.881
Djibouti,DJI,2020,27.713
Denmark,DNK,2020,5.637
Dominican Republic,DOM,2020,6.126
Algeria,DZA,2020,14.057
East Asia & Pacific (excluding high income),EAP,2020,4.360739681
Early-demographic dividend,EAR,2020,7.410809782
East Asia & Pacific,EAS,2020,4.289700499
Europe & Central Asia (excluding high income),ECA,2020,9.316387245
Europe & Central Asia,ECS,2020,7.113002368
Ecuador,ECU,2020,6.127
"Egypt, Arab Rep.",EGY,2020,7.974
Euro area,EMU,2020,7.829555597
Eritrea,ERI,2020,6.088
Spain,ESP,2020,15.532
Estonia,EST,2020,6.956
Ethiopia,ETH,2020,3.994
European Union,EUU,2020,7.053502103
Fragile and conflict affected situations,FCS,2020,6.651807556
Finland,FIN,2020,7.759
Fiji,FJI,2020,4.649
France,FRA,2020,8.009
Gabon,GAB,2020,21.27
United Kingdom,GBR,2020,4.472
Georgia,GEO,2020,11.73
Ghana,GHA,2020,3.313
Guinea,GIN,2020,6.018
"Gambia, The",GMB,2020,5.892
Guinea-Bissau,GNB,2020,2.89
Equatorial Guinea,GNQ,2020,8.781
Greece,GRC,2020,15.899
Guatemala,GTM,2020,2.955
Guam,GUM,2020,6.248
Guyana,GUY,2020,15.334
High income,HIC,2020,6.461614778
"Hong Kong SAR, China",HKG,2020,5.808
Honduras,HND,2020,10.982
Heavily indebted poor countries (HIPC),HPC,2020,5.084669868
Croatia,HRV,2020,7.507
Haiti,HTI,2020,15.546
Hungary,HUN,2020,4.25
IBRD only,IBD,2020,6.972138213
IDA & IBRD total,IBT,2020,6.643821142
IDA total,IDA,2020,5.576853161
IDA blend,IDB,2020,5.847926637
Indonesia,IDN,2020,4.255
IDA only,IDX,2020,5.424442148
India,IND,2020,7.859
Ireland,IRL,2020,5.623
"Iran, Islamic Rep.",IRN,2020,9.687
Iraq,IRQ,2020,15.778
Iceland,ISL,2020,5.478
Israel,ISR,2020,4.169
Italy,ITA,2020,9.164
Jamaica,JAM,2020,6.501
Jordan,JOR,2020,19.213
Japan,JPN,2020,2.809
Kazakhstan,KAZ,2020,4.89
Kenya,KEN,2020,5.619
Kyrgyz Republic,KGZ,2020,4.63
Cambodia,KHM,2020,0.172
"Korea, Rep.",KOR,2020,3.931
Kuwait,KWT,2020,3.557
Latin America & Caribbean (excluding high income),LAC,2020,10.21771636
Lao PDR,LAO,2020,2.361
Lebanon,LBN,2020,13.284
Liberia,LBR,2020,4.109
Libya,LBY,2020,19.613
St. Lucia,LCA,2020,25.224
Latin America & Caribbean,LCN,2020,10.21428159
Least developed countries: UN classification,LDC,2020,5.639128799
Low income,LIC,2020,6.114632525
Sri Lanka,LKA,2020,5.364
Lower middle income,LMC,2020,6.674717298
Low & middle income,LMY,2020,6.690896715
Lesotho,LSO,2020,18.399
Late-demographic dividend,LTE,2020,5.918844427
Lithuania,LTU,2020,8.487
Luxembourg,LUX,2020,6.766
Latvia,LVA,2020,8.098
"Macao SAR, China",MAC,2020,2.566
Morocco,MAR,2020,11.223
Moldova,MDA,2020,1.186
Madagascar,MDG,2020,3.284
Maldives,MDV,2020,5.434
"Middle East, North Africa, Afghanistan & Pakistan",MEA,2020,9.214422512
Mexico,MEX,2020,4.44
Middle income,MIC,2020,6.73531873
North Macedonia,MKD,2020,16.575
Mali,MLI,2020,3.528
Malta,MLT,2020,4.347
Myanmar,MMR,2020,1.476
"Middle East, North Africa, Afghanistan & Pakistan (excluding high income)",MNA,2020,9.849293764
Montenegro,MNE,2020,17.878
Mongolia,MNG,2020,6.594
Mozambique,MOZ,2020,3.921
Mauritania,MRT,2020,11.054
Mauritius,MUS,2020,8.626
Malawi,MWI,2020,5.728
Malaysia,MYS,2020,4.54
North America,NAC,2020,8.230599907
Namibia,NAM,2020,21.004
New Caledonia,NCL,2020,13.558
Niger,NER,2020,0.594
Nigeria,NGA,2020,5.742
Nicaragua,NIC,2020,6.201
Netherlands,NLD,2020,3.82
Norway,NOR,2020,4.424
Nepal,NPL,2020,12.975
New Zealand,NZL,2020,4.595
OECD members,OED,2020,7.150567539
Oman,OMN,2020,2.94
Other small states,OSS,2020,9.923990551
Pakistan,PAK,2020,6.127
Panama,PAN,2020,14.663
Peru,PER,2020,7.179
Philippines,PHL,2020,2.522
Papua New Guinea,PNG,2020,2.883
Poland,POL,2020,3.155
Pre-demographic dividend,PRE,2020,5.960077686
Puerto Rico (US),PRI,2020,8.89
"Korea, Dem. People's Rep.",PRK,2020,2.948
Portugal,PRT,2020,6.801
Paraguay,PRY,2020,7.548
West Bank and Gaza,PSE,2020,25.895
Pacific island small states,PSS,2020,3.179371277
Post-demographic dividend,PST,2020,6.727514681
French Polynesia,PYF,2020,12.951
Qatar,QAT,2020,0.14
Romania,ROU,2020,5.035
Russian Federation,RUS,2020,5.62
Rwanda,RWA,2020,11.829
South Asia,SAS,2020,7.61279542
Saudi Arabia,SAU,2020,7.66
Sudan,SDN,2020,11.958
Senegal,SEN,2020,3.437
Singapore,SGP,2020,4.1
Solomon Islands,SLB,2020,0.864
Sierra Leone,SLE,2020,3.508
El Salvador,SLV,2020,5.008
Somalia,SOM,2020,19.413
Serbia,SRB,2020,9.011
Sub-Saharan Africa (excluding high income),SSA,2020,7.137661197
South Sudan,SSD,2020,14.319
Sub-Saharan Africa,SSF,2020,6.803309526
Small states,SST,2020,9.112836549
Sao Tome and Principe,STP,2020,9.686
Suriname,SUR,2020,8.76
Slovak Republic,SVK,2020,6.719
Slovenia,SVN,2020,4.971
Sweden,SWE,2020,8.291
Eswatini,SWZ,2020,32.944
Syrian Arab Republic,SYR,2020,15.191
Chad,TCD,2020,1.707
East Asia & Pacific (IDA & IBRD countries),TEA,2020,4.38272644
Europe & Central Asia (IDA & IBRD countries),TEC,2020,7.242965625
Togo,TGO,2020,2.225
Thailand,THA,2020,1.099
Tajikistan,TJK,2020,12.321
Turkmenistan,TKM,2020,4.501
Latin America & the Caribbean (IDA & IBRD countries),TLA,2020,10.35224945
Timor-Leste,TLS,2020,2.782
"Middle East, North Africa, Afghanistan & Pakistan (IDA & IBRD)",TMN,2020,9.753719796
Tonga,TON,2020,2.699
South Asia (IDA & IBRD),TSA,2020,7.61279542
Sub-Saharan Africa (IDA & IBRD countries),TSS,2020,6.803309526
Trinidad and Tobago,TTO,2020,4.206
Tunisia,TUN,2020,17.656
Turkiye,TUR,2020,13.148
Tanzania,TZA,2020,2.781
Uganda,UGA,2020,3.831
Ukraine,UKR,2020,9.475
Upper middle income,UMC,2020,6.786163326
Uruguay,URY,2020,10.413
United States,USA,2020,8.055
Uzbekistan,UZB,2020,5.293
St. Vincent and the Grenadines,VCT,2020,20.636
"Venezuela, RB",VEN,2020,7.53
Virgin Islands (U.S.),VIR,2020,15.191
Viet Nam,VNM,2020,2.103
Vanuatu,VUT,2020,4.046
World,WLD,2020,6.609206744
Samoa,WSM,2020,7.435
"Yemen, Rep.",YEM,2020,17.953
South Africa,ZAF,2020,29.217
Zambia,ZMB,2020,6.033
Zimbabwe,ZWE,2020,8.621
Africa Eastern and Southern,AFE,2021,8.577384992
Afghanistan,AFG,2021,11.994
Africa Western and Central,AFW,2021,4.736731762
Angola,AGO,2021,15.799
Albania,ALB,2021,11.474
Arab World,ARB,2021,10.88965878
United Arab Emirates,ARE,2021,3.105
Argentina,ARG,2021,8.736
Armenia,ARM,2021,15.469
Australia,AUS,2021,5.116
Austria,AUT,2021,6.459
Azerbaijan,AZE,2021,6.04
Burundi,BDI,2021,1.118
Belgium,BEL,2021,6.248
Benin,BEN,2021,1.779
Burkina Faso,BFA,2021,5.2
Bangladesh,BGD,2021,5.327
Bulgaria,BGR,2021,5.267
Bahrain,BHR,2021,1.541
"Bahamas, The",BHS,2021,11.032
Bosnia and Herzegovina,BIH,2021,14.897
Belarus,BLR,2021,3.9
Belize,BLZ,2021,10.322
Bolivia,BOL,2021,5.089
Brazil,BRA,2021,13.158
Barbados,BRB,2021,9.433
Brunei Darussalam,BRN,2021,4.905
Bhutan,BTN,2021,4.803
Botswana,BWA,2021,23.106
Central African Republic,CAF,2021,6.375
Canada,CAN,2021,7.527
Central Europe and the Baltics,CEB,2021,4.46083553
Switzerland,CHE,2021,5.013
Channel Islands,CHI,2021,6.875
Chile,CHL,2021,9.281
China,CHN,2021,4.55
Cote d'Ivoire,CIV,2021,2.63
Cameroon,CMR,2021,3.973
"Congo, Dem. Rep.",COD,2021,5.28
"Congo, Rep.",COG,2021,21.96
Colombia,COL,2021,13.898
Comoros,COM,2021,4.394
Cabo Verde,CPV,2021,13.976
Costa Rica,CRI,2021,15.139
Caribbean small states,CSS,2021,9.538943393
Cuba,CUB,2021,2.116
Cyprus,CYP,2021,7.513
Czechia,CZE,2021,2.803
Germany,DEU,2021,3.594
Djibouti,DJI,2021,27.668
Denmark,DNK,2021,5.043
Dominican Republic,DOM,2021,7.702
Algeria,DZA,2021,13.63
East Asia & Pacific (excluding high income),EAP,2021,4.122485917
Early-demographic dividend,EAR,2021,6.786333959
East Asia & Pacific,EAS,2021,4.054342453
Europe & Central Asia (excluding high income),ECA,2021,9.010554343
Europe & Central Asia,ECS,2021,6.910928566
Ecuador,ECU,2021,4.552
"Egypt, Arab Rep.",EGY,2021,7.441
Euro area,EMU,2021,7.722352289
Eritrea,ERI,2021,6.177
Spain,ESP,2021,14.781
Estonia,EST,2021,6.178
Ethiopia,ETH,2021,3.935
European Union,EUU,2021,7.014184537
Fragile and conflict affected situations,FCS,2021,6.777619441
Finland,FIN,2021,7.617
Fiji,FJI,2021,4.701
France,FRA,2021,7.874
Gabon,GAB,2021,21.218
United Kingdom,GBR,2021,4.826
Georgia,GEO,2021,11.791
Ghana,GHA,2021,3.384
Guinea,GIN,2021,5.827
"Gambia, The",GMB,2021,6.269
Guinea-Bissau,GNB,2021,3.031
Equatorial Guinea,GNQ,2021,8.976
Greece,GRC,2021,14.656
Guatemala,GTM,2021,2.174
Guam,GUM,2021,5.991
Guyana,GUY,2021,14.557
High income,HIC,2021,5.560637186
"Hong Kong SAR, China",HKG,2021,5.174
Honduras,HND,2021,8.506
Heavily indebted poor countries (HIPC),HPC,2021,4.990254516
Croatia,HRV,2021,7.608
Haiti,HTI,2021,15.28
Hungary,HUN,2021,4.045
IBRD only,IBD,2021,6.339003291
IDA & IBRD total,IBT,2021,6.171750281
IDA total,IDA,2021,5.630881022
IDA blend,IDB,2021,5.830786587
Indonesia,IDN,2021,3.827
IDA only,IDX,2021,5.517774929
India,IND,2021,6.38
Ireland,IRL,2021,6.364
"Iran, Islamic Rep.",IRN,2021,9.282
Iraq,IRQ,2021,16.173
Iceland,ISL,2021,6.029
Israel,ISR,2021,4.812
Italy,ITA,2021,9.497
Jamaica,JAM,2021,5.188
Jordan,JOR,2021,19.837
Japan,JPN,2021,2.828
Kazakhstan,KAZ,2021,5.546
Kenya,KEN,2021,5.693
Kyrgyz Republic,KGZ,2021,4.096
Cambodia,KHM,2021,0.396
"Korea, Rep.",KOR,2021,3.639
Kuwait,KWT,2021,3.002
Latin America & Caribbean (excluding high income),LAC,2021,9.180661029
Lao PDR,LAO,2021,2.066
Lebanon,LBN,2021,12.669
Liberia,LBR,2021,3.845
Libya,LBY,2021,19.641
St. Lucia,LCA,2021,20.514
Latin America & Caribbean,LCN,2021,9.157520461
Least developed countries: UN classification,LDC,2021,5.753024166
Low income,LIC,2021,6.148676793
Sri Lanka,LKA,2021,4.981
Lower middle income,LMC,2021,6.023665848
Low & middle income,LMY,2021,6.226029712
Lesotho,LSO,2021,18.23
Late-demographic dividend,LTE,2021,5.495153627
Lithuania,LTU,2021,7.112
Luxembourg,LUX,2021,5.571
Latvia,LVA,2021,7.513
"Macao SAR, China",MAC,2021,2.229
Morocco,MAR,2021,10.576
Moldova,MDA,2021,0.785
Madagascar,MDG,2021,3.487
Maldives,MDV,2021,5.024
"Middle East, North Africa, Afghanistan & Pakistan",MEA,2021,9.027122233
Mexico,MEX,2021,4.019
Middle income,MIC,2021,6.232037254
North Macedonia,MKD,2021,15.801
Mali,MLI,2021,3.966
Malta,MLT,2021,3.394
Myanmar,MMR,2021,4.34
"Middle East, North Africa, Afghanistan & Pakistan (excluding high income)",MNA,2021,9.717982295
Montenegro,MNE,2021,16.543
Mongolia,MNG,2021,7.747
Mozambique,MOZ,2021,4.053
Mauritania,MRT,2021,11.144
Mauritius,MUS,2021,7.719
Malawi,MWI,2021,5.662
Malaysia,MYS,2021,4.64
North America,NAC,2021,5.5921098
Namibia,NAM,2021,20.922
New Caledonia,NCL,2021,11.54
Niger,NER,2021,0.78
Nigeria,NGA,2021,5.45
Nicaragua,NIC,2021,6.118
Netherlands,NLD,2021,4.209
Norway,NOR,2021,4.359
Nepal,NPL,2021,12.186
New Zealand,NZL,2021,3.776
OECD members,OED,2021,6.193192458
Oman,OMN,2021,1.9
Other small states,OSS,2021,9.442126397
Pakistan,PAK,2021,6.338
Panama,PAN,2021,10.177
Peru,PER,2021,5.097
Philippines,PHL,2021,3.398
Papua New Guinea,PNG,2021,3.003
Poland,POL,2021,3.268
Pre-demographic dividend,PRE,2021,5.823475559
Puerto Rico (US),PRI,2021,7.9
"Korea, Dem. People's Rep.",PRK,2021,3.0
Portugal,PRT,2021,6.577
Paraguay,PRY,2021,7.311
West Bank and Gaza,PSE,2021,26.39
Pacific island small states,PSS,2021,3.183777288
Post-demographic dividend,PST,2021,5.803617309
French Polynesia,PYF,2021,12.531
Qatar,QAT,2021,0.14
Romania,ROU,2021,5.59
Russian Federation,RUS,2021,4.749
Rwanda,RWA,2021,15.775
South Asia,SAS,2021,6.314917441
Saudi Arabia,SAU,2021,6.621
Sudan,SDN,2021,11.044
Senegal,SEN,2021,3.44
Singapore,SGP,2021,4.64
Solomon Islands,SLB,2021,0.884
Sierra Leone,SLE,2021,3.556
El Salvador,SLV,2021,4.327
Somalia,SOM,2021,19.662
Serbia,SRB,2021,9.843
Sub-Saharan Africa (excluding high income),SSA,2021,7.34354022
South Sudan,SSD,2021,14.029
Sub-Saharan Africa,SSF,2021,6.987663396
Small states,SST,2021,8.720825383
Sao Tome and Principe,STP,2021,9.6
Suriname,SUR,2021,8.491
Slovak Republic,SVK,2021,6.894
Slovenia,SVN,2021,4.744
Sweden,SWE,2021,8.722
Eswatini,SWZ,2021,34.153
Syrian Arab Republic,SYR,2021,14.877
Chad,TCD,2021,1.548
East Asia & Pacific (IDA & IBRD countries),TEA,2021,4.139769791
Europe & Central Asia (IDA & IBRD countries),TEC,2021,6.833363079
Togo,TGO,2021,2.333
Thailand,THA,2021,1.215
Tajikistan,TJK,2021,12.333
Turkmenistan,TKM,2021,4.459
Latin America & the Caribbean (IDA & IBRD countries),TLA,2021,9.27350464
Timor-Leste,TLS,2021,2.344
"Middle East, North Africa, Afghanistan & Pakistan (IDA & IBRD)",TMN,2021,9.613146268
Tonga,TON,2021,2.111
South Asia (IDA & IBRD),TSA,2021,6.314917441
Sub-Saharan Africa (IDA & IBRD countries),TSS,2021,6.987663396
Trinidad and Tobago,TTO,2021,4.446
Tunisia,TUN,2021,16.611
Turkiye,TUR,2021,11.969
Tanzania,TZA,2021,2.821
Uganda,UGA,2021,3.422
Ukraine,UKR,2021,9.834
Upper middle income,UMC,2021,6.408266781
Uruguay,URY,2021,9.328
United States,USA,2021,5.349
Uzbekistan,UZB,2021,5.364
St. Vincent and the Grenadines,VCT,2021,20.341
"Venezuela, RB",VEN,2021,7.037
Virgin Islands (U.S.),VIR,2021,14.273
Viet Nam,VNM,2021,2.385
Vanuatu,VUT,2021,4.766
World,WLD,2021,6.064555526
Samoa,WSM,2021,6.612
"Yemen, Rep.",YEM,2021,18.287
South Africa,ZAF,2021,34.007
Zambia,ZMB,2021,5.199
Zimbabwe,ZWE,2021,9.54
Africa Eastern and Southern,AFE,2022,7.985202252
Afghanistan,AFG,2022,14.1
Africa Western and Central,AFW,2022,3.658573181
Angola,AGO,2022,14.602
Albania,ALB,2022,10.137
Arab World,ARB,2022,9.953570646
United Arab Emirates,ARE,2022,2.872
Argentina,ARG,2022,6.805
Armenia,ARM,2022,13.379
Australia,AUS,2022,3.728
Austria,AUT,2022,4.992
Azerbaijan,AZE,2022,5.65
Burundi,BDI,2022,0.915
Belgium,BEL,2022,5.57
Benin,BEN,2022,1.685
Burkina Faso,BFA,2022,5.389
Bangladesh,BGD,2022,4.593
Bulgaria,BGR,2022,4.268
Bahrain,BHR,2022,1.326
"Bahamas, The",BHS,2022,9.272
Bosnia and Herzegovina,BIH,2022,12.657
Belarus,BLR,2022,3.574
Belize,BLZ,2022,8.763
Bolivia,BOL,2022,3.552
Brazil,BRA,2022,9.231
Barbados,BRB,2022,8.365
Brunei Darussalam,BRN,2022,5.191
Bhutan,BTN,2022,5.947
Botswana,BWA,2022,23.615
Central African Republic,CAF,2022,5.956
Canada,CAN,2022,5.279
Central Europe and the Baltics,CEB,2022,3.98390654
Switzerland,CHE,2022,4.122
Channel Islands,CHI,2022,6.147
Chile,CHL,2022,8.249
China,CHN,2022,4.98
Cote d'Ivoire,CIV,2022,2.306
Cameroon,CMR,2022,3.653
"Congo, Dem. Rep.",COD,2022,4.522
"Congo, Rep.",COG,2022,20.108
Colombia,COL,2022,10.547
Comoros,COM,2022,3.816
Cabo Verde,CPV,2022,12.246
Costa Rica,CRI,2022,11.325
Caribbean small states,CSS,2022,8.388552353
Cuba,CUB,2022,1.82
Cyprus,CYP,2022,6.806
Czechia,CZE,2022,2.224
Germany,DEU,2022,3.12
Djibouti,DJI,2022,26.307
Denmark,DNK,2022,4.434
Dominican Republic,DOM,2022,5.504
Algeria,DZA,2022,12.346
East Asia & Pacific (excluding high income),EAP,2022,4.223298385
Early-demographic dividend,EAR,2022,5.714150891
East Asia & Pacific,EAS,2022,4.089531228
Europe & Central Asia (excluding high income),ECA,2022,7.815804015
Europe & Central Asia,ECS,2022,5.859394448
Ecuador,ECU,2022,3.761
"Egypt, Arab Rep.",EGY,2022,7.344
Euro area,EMU,2022,6.749181605
Eritrea,ERI,2022,5.695
Spain,ESP,2022,12.917
Estonia,EST,2022,5.571
Ethiopia,ETH,2022,3.409
European Union,EUU,2022,6.144234647
Fragile and conflict affected situations,FCS,2022,5.609176212
Finland,FIN,2022,6.719
Fiji,FJI,2022,4.446
France,FRA,2022,7.308
Gabon,GAB,2022,20.399
United Kingdom,GBR,2022,3.73
Georgia,GEO,2022,11.647
Ghana,GHA,2022,3.084
Guinea,GIN,2022,5.267
"Gambia, The",GMB,2022,6.076
Guinea-Bissau,GNB,2022,2.666
Equatorial Guinea,GNQ,2022,8.455
Greece,GRC,2022,12.426
Guatemala,GTM,2022,3.051
Guam,GUM,2022,5.454
Guyana,GUY,2022,12.013
High income,HIC,2022,4.503011318
"Hong Kong SAR, China",HKG,2022,4.318
Honduras,HND,2022,8.774
Heavily indebted poor countries (HIPC),HPC,2022,4.446642037
Croatia,HRV,2022,6.96
Haiti,HTI,2022,14.635
Hungary,HUN,2022,3.609
IBRD only,IBD,2022,5.601595187
IDA & IBRD total,IBT,2022,5.423946597
IDA total,IDA,2022,4.862195674
IDA blend,IDB,2022,4.811322606
Indonesia,IDN,2022,3.462
IDA only,IDX,2022,4.890880348
India,IND,2022,4.822
Ireland,IRL,2022,4.501
"Iran, Islamic Rep.",IRN,2022,9.085
Iraq,IRQ,2022,15.511
Iceland,ISL,2022,3.789
Israel,ISR,2022,3.695
Italy,ITA,2022,8.069
Jamaica,JAM,2022,4.083
Jordan,JOR,2022,18.2
Japan,JPN,2022,2.6
Kazakhstan,KAZ,2022,4.86
Kenya,KEN,2022,5.707
Kyrgyz Republic,KGZ,2022,4.043
Cambodia,KHM,2022,0.231
"Korea, Rep.",KOR,2022,2.857
Kuwait,KWT,2022,2.174
Latin America & Caribbean (excluding high income),LAC,2022,6.863306501
Lao PDR,LAO,2022,1.209
Lebanon,LBN,2022,11.6
Liberia,LBR,2022,2.977
Libya,LBY,2022,19.282
St. Lucia,LCA,2022,15.934
Latin America & Caribbean,LCN,2022,6.91530044
Least developed countries: UN classification,LDC,2022,5.088444568
Low income,LIC,2022,5.485768118
Sri Lanka,LKA,2022,4.528
Lower middle income,LMC,2022,4.855303708
Low & middle income,LMY,2022,5.484555473
Lesotho,LSO,2022,16.688
Late-demographic dividend,LTE,2022,5.182734979
Lithuania,LTU,2022,5.955
Luxembourg,LUX,2022,4.588
Latvia,LVA,2022,6.815
"Macao SAR, China",MAC,2022,2.482
Morocco,MAR,2022,9.494
Moldova,MDA,2022,0.897
Madagascar,MDG,2022,3.186
Maldives,MDV,2022,4.419
"Middle East, North Africa, Afghanistan & Pakistan",MEA,2022,8.41864578
Mexico,MEX,2022,3.256
Middle income,MIC,2022,5.484459016
North Macedonia,MKD,2022,14.476
Mali,MLI,2022,2.387
Malta,MLT,2022,2.921
Myanmar,MMR,2022,3.057
"Middle East, North Africa, Afghanistan & Pakistan (excluding high income)",MNA,2022,9.145784822
Montenegro,MNE,2022,14.851
Mongolia,MNG,2022,6.211
Mozambique,MOZ,2022,3.596
Mauritania,MRT,2022,10.531
Mauritius,MUS,2022,6.322
Malawi,MWI,2022,5.037
Malaysia,MYS,2022,3.93
North America,NAC,2022,3.833031486
Namibia,NAM,2022,19.695
New Caledonia,NCL,2022,10.71
Niger,NER,2022,0.418
Nigeria,NGA,2022,3.821
Nicaragua,NIC,2022,4.961
Netherlands,NLD,2022,3.526
Norway,NOR,2022,3.231
Nepal,NPL,2022,10.844
New Zealand,NZL,2022,3.297
OECD members,OED,2022,4.986369265
Oman,OMN,2022,3.3
Other small states,OSS,2022,8.787774038
Pakistan,PAK,2022,5.485
Panama,PAN,2022,8.086
Peru,PER,2022,3.85
Philippines,PHL,2022,2.598
Papua New Guinea,PNG,2022,2.689
Poland,POL,2022,2.811
Pre-demographic dividend,PRE,2022,5.00203737
Puerto Rico (US),PRI,2022,6.0
"Korea, Dem. People's Rep.",PRK,2022,2.805
Portugal,PRT,2022,6.011
Paraguay,PRY,2022,6.755
West Bank and Gaza,PSE,2022,24.42
Pacific island small states,PSS,2022,3.263764127
Post-demographic dividend,PST,2022,4.51609302
French Polynesia,PYF,2022,11.888
Qatar,QAT,2022,0.13
Romania,ROU,2022,5.614
Russian Federation,RUS,2022,3.867
Rwanda,RWA,2022,15.084
South Asia,SAS,2022,4.869393034
Saudi Arabia,SAU,2022,5.589
Sudan,SDN,2022,7.53
Senegal,SEN,2022,2.837
Singapore,SGP,2022,3.591
Solomon Islands,SLB,2022,1.483
Sierra Leone,SLE,2022,3.175
El Salvador,SLV,2022,2.999
Somalia,SOM,2022,19.05
Serbia,SRB,2022,8.439
Sub-Saharan Africa (excluding high income),SSA,2022,6.522162975
South Sudan,SSD,2022,12.545
Sub-Saharan Africa,SSF,2022,6.198018532
Small states,SST,2022,8.040391117
Sao Tome and Principe,STP,2022,8.992
Suriname,SUR,2022,8.16
Slovak Republic,SVK,2022,6.143
Slovenia,SVN,2022,4.011
Sweden,SWE,2022,7.392
Eswatini,SWZ,2022,35.359
Syrian Arab Republic,SYR,2022,13.268
Chad,TCD,2022,1.096
East Asia & Pacific (IDA & IBRD countries),TEA,2022,4.245548757
Europe & Central Asia (IDA & IBRD countries),TEC,2022,5.685061062
Togo,TGO,2022,1.965
Thailand,THA,2022,0.94
Tajikistan,TJK,2022,11.634
Turkmenistan,TKM,2022,4.109
Latin America & the Caribbean (IDA & IBRD countries),TLA,2022,6.997690118
Timor-Leste,TLS,2022,1.537
"Middle East, North Africa, Afghanistan & Pakistan (IDA & IBRD)",TMN,2022,9.045014769
Tonga,TON,2022,2.302
South Asia (IDA & IBRD),TSA,2022,4.869393034
Sub-Saharan Africa (IDA & IBRD countries),TSS,2022,6.198018532
Trinidad and Tobago,TTO,2022,4.383
Tunisia,TUN,2022,15.3
Turkiye,TUR,2022,10.465
Tanzania,TZA,2022,2.588
Uganda,UGA,2022,2.886
Upper middle income,UMC,2022,6.039347635
Uruguay,URY,2022,7.877
United States,USA,2022,3.65
Uzbekistan,UZB,2022,4.49
St. Vincent and the Grenadines,VCT,2022,19.417
"Venezuela, RB",VEN,2022,5.707
Virgin Islands (U.S.),VIR,2022,13.007
Viet Nam,VNM,2022,1.523
Vanuatu,VUT,2022,5.143
World,WLD,2022,5.260645445
Samoa,WSM,2022,5.048
"Yemen, Rep.",YEM,2022,17.363
South Africa,ZAF,2022,33.268
Zambia,ZMB,2022,5.995
Zimbabwe,ZWE,2022,10.087
Africa Eastern and Southern,AFE,2023,7.806365422
Afghanistan,AFG,2023,13.991
Africa Western and Central,AFW,2023,3.277245466
Angola,AGO,2023,14.537
Albania,ALB,2023,10.108
Arab World,ARB,2023,9.581397143
United Arab Emirates,ARE,2023,2.151
Argentina,ARG,2023,6.139
Armenia,ARM,2023,13.245
Australia,AUS,2023,3.668
Austria,AUT,2023,5.264
Azerbaijan,AZE,2023,5.636
Burundi,BDI,2023,0.921
Belgium,BEL,2023,5.528
Benin,BEN,2023,1.657
Burkina Faso,BFA,2023,5.348
Bangladesh,BGD,2023,4.454
Bulgaria,BGR,2023,4.319
Bahrain,BHR,2023,1.154
"Bahamas, The",BHS,2023,8.643
Bosnia and Herzegovina,BIH,2023,10.668
Belarus,BLR,2023,3.461
Belize,BLZ,2023,8.267
Bolivia,BOL,2023,3.024
Brazil,BRA,2023,7.947
Barbados,BRB,2023,7.878
Brunei Darussalam,BRN,2023,5.183
Bhutan,BTN,2023,3.126
Botswana,BWA,2023,23.381
Central African Republic,CAF,2023,5.877
Canada,CAN,2023,5.415
Central Europe and the Baltics,CEB,2023,4.014051053
Switzerland,CHE,2023,4.043
Channel Islands,CHI,2023,6.187
Chile,CHL,2023,9.013
China,CHN,2023,4.67
Cote d'Ivoire,CIV,2023,2.27
Cameroon,CMR,2023,3.613
"Congo, Dem. Rep.",COD,2023,4.484
"Congo, Rep.",COG,2023,19.898
Colombia,COL,2023,9.594
Comoros,COM,2023,3.776
Cabo Verde,CPV,2023,11.971
Costa Rica,CRI,2023,8.325
Caribbean small states,CSS,2023,7.821884021
Cuba,CUB,2023,1.719
Cyprus,CYP,2023,6.098
Czechia,CZE,2023,2.579
Germany,DEU,2023,3.068
Djibouti,DJI,2023,26.154
Denmark,DNK,2023,5.094
Dominican Republic,DOM,2023,5.555
Algeria,DZA,2023,11.701
East Asia & Pacific (excluding high income),EAP,2023,3.972396589
Early-demographic dividend,EAR,2023,5.260029505
East Asia & Pacific,EAS,2023,3.857711655
Europe & Central Asia (excluding high income),ECA,2023,7.333127511
Europe & Central Asia,ECS,2023,5.586352535
Ecuador,ECU,2023,3.51
"Egypt, Arab Rep.",EGY,2023,7.334
Euro area,EMU,2023,6.557963146
Eritrea,ERI,2023,5.586
Spain,ESP,2023,12.179
Estonia,EST,2023,6.378
Ethiopia,ETH,2023,3.402
European Union,EUU,2023,6.025065807
Fragile and conflict affected situations,FCS,2023,5.20087834
Finland,FIN,2023,7.151
Fiji,FJI,2023,4.322
France,FRA,2023,7.335
Gabon,GAB,2023,20.278
United Kingdom,GBR,2023,3.984
Georgia,GEO,2023,11.537
Ghana,GHA,2023,3.063
Guinea,GIN,2023,5.244
"Gambia, The",GMB,2023,6.479
Guinea-Bissau,GNB,2023,2.65
Equatorial Guinea,GNQ,2023,8.367
Greece,GRC,2023,11.066
Guatemala,GTM,2023,2.344
Guam,GUM,2023,5.363
Guyana,GUY,2023,12.025
High income,HIC,2023,4.338660165
"Hong Kong SAR, China",HKG,2023,2.949
Honduras,HND,2023,6.07
Heavily indebted poor countries (HIPC),HPC,2023,4.226617652
Croatia,HRV,2023,6.086
Haiti,HTI,2023,14.556
Hungary,HUN,2023,4.107
IBRD only,IBD,2023,5.164780802
IDA & IBRD total,IBT,2023,5.03556816
IDA total,IDA,2023,4.62580357
IDA blend,IDB,2023,4.415089752
Indonesia,IDN,2023,3.308
IDA only,IDX,2023,4.748146829
India,IND,2023,4.172
Ireland,IRL,2023,4.288
"Iran, Islamic Rep.",IRN,2023,9.041
Iraq,IRQ,2023,15.447
Iceland,ISL,2023,3.518
Israel,ISR,2023,3.596
Italy,ITA,2023,7.627
Jamaica,JAM,2023,4.4
Jordan,JOR,2023,17.969
Japan,JPN,2023,2.6
Kazakhstan,KAZ,2023,4.821
Kenya,KEN,2023,5.567
Kyrgyz Republic,KGZ,2023,3.991
Cambodia,KHM,2023,0.225
"Korea, Rep.",KOR,2023,2.675
Kuwait,KWT,2023,2.127
Latin America & Caribbean (excluding high income),LAC,2023,6.101589843
Lao PDR,LAO,2023,1.188
Lebanon,LBN,2023,11.543
Liberia,LBR,2023,2.933
Libya,LBY,2023,18.753
St. Lucia,LCA,2023,11.092
Latin America & Caribbean,LCN,2023,6.207431309
Least developed countries: UN classification,LDC,2023,4.946423147
Low income,LIC,2023,5.297353888
Sri Lanka,LKA,2023,5.997
Lower middle income,LMC,2023,4.413936003
Low & middle income,LMY,2023,5.087677414
Lesotho,LSO,2023,16.457
Late-demographic dividend,LTE,2023,4.805538352
Lithuania,LTU,2023,6.841
Luxembourg,LUX,2023,5.184
Latvia,LVA,2023,6.465
"Macao SAR, China",MAC,2023,2.235
Morocco,MAR,2023,9.044
Moldova,MDA,2023,1.555
Madagascar,MDG,2023,3.069
Maldives,MDV,2023,4.241
"Middle East, North Africa, Afghanistan & Pakistan",MEA,2023,8.078864426
Mexico,MEX,2023,2.765
Middle income,MIC,2023,5.071622525
North Macedonia,MKD,2023,13.174
Mali,MLI,2023,2.956
Malta,MLT,2023,3.11
Myanmar,MMR,2023,3.032
"Middle East, North Africa, Afghanistan & Pakistan (excluding high income)",MNA,2023,8.919076142
Montenegro,MNE,2023,14.621
Mongolia,MNG,2023,5.503
Mozambique,MOZ,2023,3.519
Mauritania,MRT,2023,10.446
Mauritius,MUS,2023,5.571
Malawi,MWI,2023,5.033
Malaysia,MYS,2023,3.869
North America,NAC,2023,3.840737513
Namibia,NAM,2023,19.365
New Caledonia,NCL,2023,10.939
Niger,NER,2023,0.425
Nigeria,NGA,2023,3.074
Nicaragua,NIC,2023,4.716
Netherlands,NLD,2023,3.537
Norway,NOR,2023,3.572
Nepal,NPL,2023,10.628
New Zealand,NZL,2023,3.729
OECD members,OED,2023,4.825673308
Oman,OMN,2023,3.176
Other small states,OSS,2023,8.428542226
Pakistan,PAK,2023,5.408
Panama,PAN,2023,6.544
Peru,PER,2023,4.899
Philippines,PHL,2023,2.222
Papua New Guinea,PNG,2023,2.661
Poland,POL,2023,2.743
Pre-demographic dividend,PRE,2023,4.700607933
Puerto Rico (US),PRI,2023,5.725
"Korea, Dem. People's Rep.",PRK,2023,2.831
Portugal,PRT,2023,6.509
Paraguay,PRY,2023,5.794
Pacific island small states,PSS,2023,3.181085508
Post-demographic dividend,PST,2023,4.466412923
French Polynesia,PYF,2023,11.749
Qatar,QAT,2023,0.13
Romania,ROU,2023,5.589
Russian Federation,RUS,2023,3.076
Rwanda,RWA,2023,12.352
South Asia,SAS,2023,4.305251766
Saudi Arabia,SAU,2023,4.008
Senegal,SEN,2023,2.8
Singapore,SGP,2023,3.444
Solomon Islands,SLB,2023,1.455
Sierra Leone,SLE,2023,3.153
El Salvador,SLV,2023,2.992
Somalia,SOM,2023,18.941
Serbia,SRB,2023,8.268
Sub-Saharan Africa (excluding high income),SSA,2023,6.181448098
South Sudan,SSD,2023,12.477
Sub-Saharan Africa,SSF,2023,5.887753617
Small states,SST,2023,7.666090513
Sao Tome and Principe,STP,2023,9.071
Suriname,SUR,2023,7.631
Slovak Republic,SVK,2023,5.84
Slovenia,SVN,2023,3.652
Sweden,SWE,2023,7.611
Eswatini,SWZ,2023,35.086
Syrian Arab Republic,SYR,2023,13.187
Chad,TCD,2023,1.074
East Asia & Pacific (IDA & IBRD countries),TEA,2023,3.990239378
Europe & Central Asia (IDA & IBRD countries),TEC,2023,5.160330972
Togo,TGO,2023,1.948
Thailand,THA,2023,0.733
Tajikistan,TJK,2023,11.546
Turkmenistan,TKM,2023,4.099
Latin America & the Caribbean (IDA & IBRD countries),TLA,2023,6.277058031
Timor-Leste,TLS,2023,1.521
"Middle East, North Africa, Afghanistan & Pakistan (IDA & IBRD)",TMN,2023,8.919076142
Tonga,TON,2023,2.262
South Asia (IDA & IBRD),TSA,2023,4.305251766
Sub-Saharan Africa (IDA & IBRD countries),TSS,2023,5.887753617
Trinidad and Tobago,TTO,2023,4.21
Tunisia,TUN,2023,15.106
Turkiye,TUR,2023,9.388
Tanzania,TZA,2023,2.582
Uganda,UGA,2023,2.787
Upper middle income,UMC,2023,5.662411862
Uruguay,URY,2023,8.355
United States,USA,2023,3.638
Uzbekistan,UZB,2023,4.46
St. Vincent and the Grenadines,VCT,2023,18.574
"Venezuela, RB",VEN,2023,5.485
Virgin Islands (U.S.),VIR,2023,12.32
Viet Nam,VNM,2023,1.645
Vanuatu,VUT,2023,5.082
World,WLD,2023,4.915954069
Samoa,WSM,2023,4.977
"Yemen, Rep.",YEM,2023,17.091
South Africa,ZAF,2023,32.098
Zambia,ZMB,2023,5.905
Zimbabwe,ZWE,2023,8.759
Africa Eastern and Southern,AFE,2024,7.772653775
Afghanistan,AFG,2024,13.295
Africa Western and Central,AFW,2024,3.218313421
Angola,AGO,2024,14.464
Albania,ALB,2024,10.25
Arab World,ARB,2024,9.461238356
United Arab Emirates,ARE,2024,2.133
Argentina,ARG,2024,7.876
Armenia,ARM,2024,13.329
Australia,AUS,2024,4.072
Austria,AUT,2024,5.439
Azerbaijan,AZE,2024,5.594
Burundi,BDI,2024,0.902
Belgium,BEL,2024,5.488
Benin,BEN,2024,1.722
Burkina Faso,BFA,2024,5.166
Bangladesh,BGD,2024,4.68
Bulgaria,BGR,2024,4.104
Bahrain,BHR,2024,1.102
"Bahamas, The",BHS,2024,8.463
Bosnia and Herzegovina,BIH,2024,10.723
Belarus,BLR,2024,3.361
Belize,BLZ,2024,7.0
Bolivia,BOL,2024,3.091
Brazil,BRA,2024,7.634
Barbados,BRB,2024,7.529
Brunei Darussalam,BRN,2024,5.144
Bhutan,BTN,2024,2.856
Botswana,BWA,2024,23.138
Central African Republic,CAF,2024,5.899
Canada,CAN,2024,6.45
Central Europe and the Baltics,CEB,2024,3.867636429
Switzerland,CHE,2024,4.11
Channel Islands,CHI,2024,6.256
Chile,CHL,2024,9.056
China,CHN,2024,4.571
Cote d'Ivoire,CIV,2024,2.288
Cameroon,CMR,2024,3.518
"Congo, Dem. Rep.",COD,2024,4.556
"Congo, Rep.",COG,2024,19.694
Colombia,COL,2024,9.608
Comoros,COM,2024,3.875
Cabo Verde,CPV,2024,11.878
Costa Rica,CRI,2024,7.848
Caribbean small states,CSS,2024,7.423938916
Cuba,CUB,2024,1.53
Cyprus,CYP,2024,5.602
Czechia,CZE,2024,2.506
Germany,DEU,2024,3.406
Djibouti,DJI,2024,25.875
Denmark,DNK,2024,5.587
Dominican Republic,DOM,2024,5.473
Algeria,DZA,2024,11.427
East Asia & Pacific (excluding high income),EAP,2024,3.885789699
Early-demographic dividend,EAR,2024,5.298738986
East Asia & Pacific,EAS,2024,3.783246133
Europe & Central Asia (excluding high income),ECA,2024,6.911840306
Europe & Central Asia,ECS,2024,5.368775607
Ecuador,ECU,2024,4.773
"Egypt, Arab Rep.",EGY,2024,7.198
Euro area,EMU,2024,6.413875718
Eritrea,ERI,2024,5.553
Spain,ESP,2024,11.394
Estonia,EST,2024,7.828
Ethiopia,ETH,2024,3.398
European Union,EUU,2024,5.918130252
Fragile and conflict affected situations,FCS,2024,5.021248451
Finland,FIN,2024,8.26
Fiji,FJI,2024,4.307
France,FRA,2024,7.37
Gabon,GAB,2024,20.061
United Kingdom,GBR,2024,4.111
Georgia,GEO,2024,11.48
Ghana,GHA,2024,3.007
Guinea,GIN,2024,5.23
"Gambia, The",GMB,2024,6.496
Guinea-Bissau,GNB,2024,2.622
Equatorial Guinea,GNQ,2024,7.823
Greece,GRC,2024,10.133
Guatemala,GTM,2024,2.219
Guam,GUM,2024,5.586
Guyana,GUY,2024,10.165
High income,HIC,2024,4.398870168
"Hong Kong SAR, China",HKG,2024,2.793
Honduras,HND,2024,6.061
Heavily indebted poor countries (HIPC),HPC,2024,4.212603895
Croatia,HRV,2024,5.236
Haiti,HTI,2024,15.058
Hungary,HUN,2024,4.434
IBRD only,IBD,2024,5.10842146
IDA & IBRD total,IBT,2024,4.975973122
IDA total,IDA,2024,4.559413839
IDA blend,IDB,2024,4.374618427
Indonesia,IDN,2024,3.3
IDA only,IDX,2024,4.667701724
India,IND,2024,4.202
Ireland,IRL,2024,4.369
"Iran, Islamic Rep.",IRN,2024,9.192
Iraq,IRQ,2024,15.524
Iceland,ISL,2024,3.107
Israel,ISR,2024,3.15
Italy,ITA,2024,6.778
Jamaica,JAM,2024,4.885
Jordan,JOR,2024,17.996
Japan,JPN,2024,2.563
Kazakhstan,KAZ,2024,4.794
Kenya,KEN,2024,5.434
Kyrgyz Republic,KGZ,2024,3.289
Cambodia,KHM,2024,0.27
"Korea, Rep.",KOR,2024,2.604
Kuwait,KWT,2024,2.144
Latin America & Caribbean (excluding high income),LAC,2024,6.141125532
Lao PDR,LAO,2024,1.218
Liberia,LBR,2024,2.882
Libya,LBY,2024,18.615
St. Lucia,LCA,2024,10.928
Latin America & Caribbean,LCN,2024,6.238519712
Least developed countries: UN classification,LDC,2024,4.891534033
Low income,LIC,2024,5.090457373
Sri Lanka,LKA,2024,4.996
Lower middle income,LMC,2024,4.40371394
Low & middle income,LMY,2024,5.04129616
Lesotho,LSO,2024,16.147
Late-demographic dividend,LTE,2024,4.649919058
Lithuania,LTU,2024,7.504
Luxembourg,LUX,2024,5.935
Latvia,LVA,2024,6.72
"Macao SAR, China",MAC,2024,2.437
Morocco,MAR,2024,8.943
Moldova,MDA,2024,1.434
Madagascar,MDG,2024,3.012
Maldives,MDV,2024,4.636
"Middle East, North Africa, Afghanistan & Pakistan",MEA,2024,8.012862306
Mexico,MEX,2024,2.711
Middle income,MIC,2024,5.037559686
North Macedonia,MKD,2024,13.417
Mali,MLI,2024,3.06
Malta,MLT,2024,2.703
Myanmar,MMR,2024,3.032
"Middle East, North Africa, Afghanistan & Pakistan (excluding high income)",MNA,2024,8.889644067
Montenegro,MNE,2024,14.1
Mongolia,MNG,2024,5.424
Mozambique,MOZ,2024,3.527
Mauritania,MRT,2024,10.373
Mauritius,MUS,2024,5.476
Malawi,MWI,2024,5.045
Malaysia,MYS,2024,3.826
North America,NAC,2024,4.37803269
Namibia,NAM,2024,19.148
New Caledonia,NCL,2024,11.15
Niger,NER,2024,0.355
Nigeria,NGA,2024,2.989
Nicaragua,NIC,2024,4.574
Netherlands,NLD,2024,3.599
Norway,NOR,2024,3.97
Nepal,NPL,2024,10.706
New Zealand,NZL,2024,4.869
OECD members,OED,2024,4.905843763
Oman,OMN,2024,3.161
Other small states,OSS,2024,8.411555577
Pakistan,PAK,2024,5.472
Panama,PAN,2024,6.518
Peru,PER,2024,4.828
Philippines,PHL,2024,2.153
Papua New Guinea,PNG,2024,2.741
Poland,POL,2024,2.472
Pre-demographic dividend,PRE,2024,4.564399648
Puerto Rico (US),PRI,2024,5.472
"Korea, Dem. People's Rep.",PRK,2024,2.859
Portugal,PRT,2024,6.384
Paraguay,PRY,2024,6.093
Pacific island small states,PSS,2024,3.140070801
Post-demographic dividend,PST,2024,4.634668263
French Polynesia,PYF,2024,11.75
Qatar,QAT,2024,0.126
Romania,ROU,2024,5.379
Russian Federation,RUS,2024,2.527
Rwanda,RWA,2024,11.994
South Asia,SAS,2024,4.34169478
Saudi Arabia,SAU,2024,3.896
Senegal,SEN,2024,2.992
Singapore,SGP,2024,3.182
Solomon Islands,SLB,2024,1.47
Sierra Leone,SLE,2024,3.126
El Salvador,SLV,2024,2.839
Somalia,SOM,2024,18.861
Serbia,SRB,2024,7.39
Sub-Saharan Africa (excluding high income),SSA,2024,6.113447784
Sub-Saharan Africa,SSF,2024,5.823525216
Small states,SST,2024,7.558035712
Sao Tome and Principe,STP,2024,9.17
Suriname,SUR,2024,7.325
Slovak Republic,SVK,2024,5.234
Slovenia,SVN,2024,3.357
Sweden,SWE,2024,8.528
Eswatini,SWZ,2024,34.4
Syrian Arab Republic,SYR,2024,12.962
Chad,TCD,2024,1.088
East Asia & Pacific (IDA & IBRD countries),TEA,2024,3.9018586
Europe & Central Asia (IDA & IBRD countries),TEC,2024,4.731604672
Togo,TGO,2024,1.94
Thailand,THA,2024,0.693
Tajikistan,TJK,2024,11.635
Turkmenistan,TKM,2024,4.304
Latin America & the Caribbean (IDA & IBRD countries),TLA,2024,6.311537885
Timor-Leste,TLS,2024,1.603
"Middle East, North Africa, Afghanistan & Pakistan (IDA & IBRD)",TMN,2024,8.889644067
Tonga,TON,2024,2.192
South Asia (IDA & IBRD),TSA,2024,4.34169478
Sub-Saharan Africa (IDA & IBRD countries),TSS,2024,5.823525216
Trinidad and Tobago,TTO,2024,4.546
Tunisia,TUN,2024,16.203
Turkiye,TUR,2024,8.449
Tanzania,TZA,2024,2.576
Uganda,UGA,2024,2.941
Upper middle income,UMC,2024,5.618309945
Uruguay,URY,2024,8.401
United States,USA,2024,4.106
Uzbekistan,UZB,2024,4.488
St. Vincent and the Grenadines,VCT,2024,18.056
"Venezuela, RB",VEN,2024,5.475
Virgin Islands (U.S.),VIR,2024,12.014
Viet Nam,VNM,2024,1.431
Vanuatu,VUT,2024,5.064
World,WLD,2024,4.891628301
Samoa,WSM,2024,4.551
"Yemen, Rep.",YEM,2024,17.086
South Africa,ZAF,2024,33.168
Zambia,ZMB,2024,5.961
Zimbabwe,ZWE,2024,8.554
